CodigoCurso,NombreCurso,Creditos,Carrera
123834.0,AESTHINT13,4,GENED
110744.0,AESTHINT24,5,GENED
124912.0,AESTHINT33,4,GENED
126284.0,AESTHINT37,5,GENED
124661.0,AESTHINT39,5,GENED
126634.0,AESTHINT40,5,GENED
125749.0,AESTHINT42,5,GENED
109501.0,AESTHINT57,4,GENED
146214.0,AESTHINT64,5,GENED
125925.0,AFRAMER16,4,AAAS
118883.0,AFRAMER20,5,AAAS
118965.0,AFRAMER90R,4,AAAS
126300.0,AFRAMER90R.A,5,AAAS
109427.0,AFRAMER90R.A1,5,AAAS
110272.0,AFRAMER90R.A2,4,AAAS
110410.0,AFRAMER90R.A4,4,AAAS
156750.0,AFRAMER90R.A5,4,AAAS
159663.0,AFRAMER90R.A6,5,AAAS
126301.0,AFRAMER90R.B,4,AAAS
126302.0,AFRAMER90R.C,5,AAAS
126303.0,AFRAMER90R.D,5,AAAS
126306.0,AFRAMER90R.G,4,AAAS
126307.0,AFRAMER90R.H,5,AAAS
126308.0,AFRAMER90R.I,4,AAAS
126309.0,AFRAMER90R.J,4,AAAS
126310.0,AFRAMER90R.K,4,AAAS
126312.0,AFRAMER90R.M,4,AAAS
126313.0,AFRAMER90R.N,4,AAAS
126314.0,AFRAMER90R.O,4,AAAS
126316.0,AFRAMER90R.Q,5,AAAS
127929.0,AFRAMER90R.U,5,AAAS
127934.0,AFRAMER90R.V,4,AAAS
107773.0,AFRAMER90R.X,5,AAAS
109290.0,AFRAMER90R.Z,5,AAAS
110605.0,AFRAMER91R,5,AAAS
118023.0,AFRAMER98,5,AAAS
124132.0,AFRAMER99A,5,AAAS
156113.0,AFRAMER103X,5,AAAS
156327.0,AFRAMER105X,5,AAAS
126698.0,AFRAMER111,5,AAAS
110493.0,AFRAMER117Y,4,AAAS
144199.0,AFRAMER118,5,AAAS
156254.0,AFRAMER123X,4,AAAS
111780.0,AFRAMER131,4,AAAS
160417.0,AFRAMER132X,5,AAAS
160416.0,AFRAMER134,4,AAAS
110293.0,AFRAMER134X,4,AAAS
127784.0,AFRAMER180X,4,AAAS
110497.0,AFRAMER198X,4,AAAS
108680.0,AFRAMER209A,5,AAAS
115727.0,AFRAMER301,5,AAAS
115731.0,AFRAMER310,5,AAAS
122706.0,AFRAMER398,5,AAAS
122706.0,AFRAMER398,4,AAAS
122706.0,AFRAMER398,4,AAAS
114320.0,AKKADAA,5,NELC
113371.0,AKKAD120A,5,NELC
118017.0,AMSTDIES201,5,AMER
110946.0,AMSTDIES398,5,AMER
110946.0,AMSTDIES398,5,AMER
110946.0,AMSTDIES398,5,AMER
124363.0,AMSTDIES399,4,AMER
124363.0,AMSTDIES399,5,AMER
124363.0,AMSTDIES399,5,AMER
124363.0,AMSTDIES399,4,AMER
124363.0,AMSTDIES399,4,AMER
124363.0,AMSTDIES399,4,AMER
124363.0,AMSTDIES399,5,AMER
124363.0,AMSTDIES399,5,AMER
124363.0,AMSTDIES399,4,AMER
124363.0,AMSTDIES399,5,AMER
124363.0,AMSTDIES399,5,AMER
110014.0,ANE103,4,NELC
120820.0,ANE111,4,NELC
156358.0,ANE117,4,NELC
118849.0,ANE120A,4,NELC
112752.0,ANE131,5,NELC
144784.0,ANE222,5,NELC
123453.0,ANTHRO91ZR,5,ANTH
112093.0,ANTHRO98XA,4,ANTH
113972.0,ANTHRO98ZA,4,ANTH
113972.0,ANTHRO98ZA,5,ANTH
113972.0,ANTHRO98ZA,5,ANTH
123458.0,ANTHRO99ZA,4,ANTH
112378.0,ANTHRO1010,4,ANTH
109581.0,ANTHRO1040,5,ANTH
113901.0,ANTHRO1095,4,ANTH
160434.0,ANTHRO1401,5,ANTH
123339.0,ANTHRO1600,5,ANTH
119379.0,ANTHRO1610,5,ANTH
120570.0,ANTHRO1645,4,ANTH
160442.0,ANTHRO1654,5,ANTH
108860.0,ANTHRO1732,4,ANTH
122149.0,ANTHRO1836BR,5,ANTH
160410.0,ANTHRO1951,5,ANTH
115007.0,ANTHRO1980,4,ANTH
120489.0,ANTHRO2070A,5,ANTH
160955.0,ANTHRO2211,5,ANTH
125735.0,ANTHRO2250B,5,ANTH
160538.0,ANTHRO2350,4,ANTH
116522.0,ANTHRO2626,5,ANTH
110977.0,ANTHRO2650A,4,ANTH
160450.0,ANTHRO2670,5,ANTH
110034.0,ANTHRO2676,4,ANTH
109413.0,ANTHRO2682,5,ANTH
122439.0,ANTHRO2690,4,ANTH
119983.0,ANTHRO2704,5,ANTH
127134.0,ANTHRO2712,5,ANTH
108976.0,ANTHRO2722,5,ANTH
113022.0,ANTHRO3000,5,ANTH
113022.0,ANTHRO3000,4,ANTH
113022.0,ANTHRO3000,5,ANTH
116603.0,ANTHRO3001,4,ANTH
116603.0,ANTHRO3001,5,ANTH
116603.0,ANTHRO3001,5,ANTH
116603.0,ANTHRO3001,5,ANTH
110152.0,ANTHRO3200,4,ANTH
119079.0,ANTHRO3400,4,ANTH
111058.0,ANTHRO3500,4,ANTH
111058.0,ANTHRO3500,4,ANTH
109898.0,APCOMP209,5,SEAS
128101.0,APCOMP274,4,SEAS
160444.0,APCOMP290R,4,SEAS
109339.0,APCOMP298R,5,SEAS
109613.0,APCOMP299R,5,SEAS
156535.0,APCOMP302,5,SEAS
118408.0,APMTH21A,4,SEAS
121692.0,APMTH91R,4,SEAS
115654.0,APMTH99R,5,SEAS
132127.0,APMTH101,4,SEAS
122094.0,APMTH104,4,SEAS
118021.0,APMTH115,5,SEAS
123662.0,APMTH121,5,SEAS
110063.0,APMTH140R,5,SEAS
110063.0,APMTH140R,4,SEAS
121989.0,APMTH147,4,SEAS
156203.0,APMTH203,4,SEAS
110684.0,APMTH205,5,SEAS
160447.0,APMTH254,5,SEAS
116840.0,APMTH299R,4,SEAS
131434.0,APMTH316,4,SEAS
116187.0,APMTH318,4,SEAS
118975.0,APMTH320,4,SEAS
159776.0,APMTH324,5,SEAS
116297.0,APMTH332,4,SEAS
108880.0,APPHY50A,5,SEAS
131331.0,APPHY195,4,SEAS
121975.0,APPHY217,5,SEAS
121594.0,APPHY218,5,SEAS
121403.0,APPHY225,5,SEAS
142998.0,APPHY282,4,SEAS
131373.0,APPHY299R,4,SEAS
121977.0,APPHY302,4,SEAS
123949.0,APPHY304,5,SEAS
125476.0,APPHY322,4,SEAS
125472.0,APPHY330,5,SEAS
131285.0,APPHY332,5,SEAS
143230.0,APPHY334,5,SEAS
146784.0,APPHY338,4,SEAS
122881.0,APPHY342,5,SEAS
113128.0,APPHY348,5,SEAS
156736.0,APPHY350,5,SEAS
156741.0,APPHY354,5,SEAS
116189.0,APPHY356,4,SEAS
133140.0,APPHY360,4,SEAS
117862.0,APPHY362,5,SEAS
112454.0,APPHY364,5,SEAS
125419.0,APPHY372,4,SEAS
126172.0,APPHY374,5,SEAS
110265.0,APPHY376,5,SEAS
121287.0,APPHY384,5,SEAS
118649.0,APPHY388,4,SEAS
120887.0,APPHY392,4,SEAS
142229.0,APPHY396,4,SEAS
148042.0,APPHY398,4,SEAS
116746.0,ARABICAA,5,NELC
116746.0,ARABICAA,4,NELC
116746.0,ARABICAA,4,NELC
116746.0,ARABICAA,5,NELC
116746.0,ARABICAA,4,NELC
116746.0,ARABICAA,4,NELC
116746.0,ARABICAA,4,NELC
116746.0,ARABICAA,4,NELC
109425.0,ARABICBA,4,NELC
109425.0,ARABICBA,5,NELC
109425.0,ARABICBA,5,NELC
109425.0,ARABICBA,4,NELC
114034.0,ARABIC130A,5,NELC
121346.0,ARABIC131A,5,NELC
121346.0,ARABIC131A,5,NELC
116508.0,ARABIC160R,5,NELC
112869.0,ARABIC241AR,4,NELC
108971.0,ARABIC242AR,5,NELC
137756.0,ARABIC248R,5,NELC
156121.0,ARABIC251R,4,NELC
116008.0,ARABIC320,4,NELC
120550.0,ARMENBA,5,NELC
111554.0,ARMEN300,5,NELC
159677.0,ARMENST110A,4,NELC
111305.0,ASTRON2,5,ASTR
125884.0,ASTRON17,5,ASTR
112487.0,ASTRON98,4,ASTR
116041.0,ASTRON99A,4,ASTR
124966.0,ASTRON200,5,ASTR
118139.0,ASTRON202A,5,ASTR
109579.0,ASTRON215HFA,5,ASTR
112022.0,ASTRON218,4,ASTR
122728.0,ASTRON300,5,ASTR
122728.0,ASTRON300,5,ASTR
122728.0,ASTRON300,4,ASTR
122728.0,ASTRON300,5,ASTR
122728.0,ASTRON300,5,ASTR
122728.0,ASTRON300,4,ASTR
122728.0,ASTRON300,5,ASTR
122728.0,ASTRON300,4,ASTR
122728.0,ASTRON300,4,ASTR
122728.0,ASTRON300,5,ASTR
122728.0,ASTRON300,4,ASTR
122728.0,ASTRON300,5,ASTR
122728.0,ASTRON300,4,ASTR
122728.0,ASTRON300,4,ASTR
122728.0,ASTRON300,5,ASTR
122728.0,ASTRON300,4,ASTR
122728.0,ASTRON300,4,ASTR
121382.0,ASTRON301HFA,5,ASTR
108994.0,BBS230,5,MDSC
127207.0,BBS301,4,MDSC
156089.0,BBS330,5,MDSC
110559.0,BBS333R,4,MDSC
116477.0,BCMP200,4,MDSC
122596.0,BCMP218,5,MDSC
114740.0,BCMP230,5,MDSC
108999.0,BCMP308QC,4,MDSC
133725.0,BCMP311,5,MDSC
156498.0,BCMP311QC,5,MDSC
126361.0,BCMP312,4,MDSC
109149.0,BCMP313,4,MDSC
117857.0,BCMP314,4,MDSC
111833.0,BCMP320,5,MDSC
156669.0,BCMP321,4,MDSC
113667.0,BCMP325,4,MDSC
119840.0,BCMP328,5,MDSC
122746.0,BCMP349,5,MDSC
122742.0,BCMP358,5,MDSC
114726.0,BCMP362,4,MDSC
114763.0,BCMP363,4,MDSC
119609.0,BCMP366,5,MDSC
115348.0,BCMP371,4,MDSC
123001.0,BCMP381,4,MDSC
125361.0,BCMP383,5,MDSC
125402.0,BCMP384,4,MDSC
128175.0,BCMP386,4,MDSC
108354.0,BCMP387,5,MDSC
128193.0,BCMP388,5,MDSC
107622.0,BCMP390,4,MDSC
107864.0,BCMP391,4,MDSC
110073.0,BCSAR,4,SLAV
110074.0,BCSBR,4,SLAV
110075.0,BCSCR,4,SLAV
108926.0,BE91R,4,SEAS
150189.0,BE110,5,SEAS
119067.0,BE121,4,SEAS
121318.0,BIOPHYS170,5,BIPH
121518.0,BIOPHYS300,4,BIPH
123175.0,BIOPHYS302,4,BIPH
122047.0,BIOPHYS307,5,BIPH
124781.0,BIOPHYS313,5,BIPH
111966.0,BIOPHYS315,5,BIPH
125776.0,BIOPHYS325,5,BIPH
126675.0,BIOPHYS334,4,BIPH
127686.0,BIOPHYS335,4,BIPH
127688.0,BIOPHYS339,4,BIPH
113908.0,BIOPHYS354,4,BIPH
115668.0,BIOPHYS368,4,BIPH
115669.0,BIOPHYS369,4,BIPH
115676.0,BIOPHYS375,5,BIPH
116572.0,BIOPHYS376,5,BIPH
116577.0,BIOPHYS381,5,BIPH
118091.0,BIOPHYS386,5,BIPH
119227.0,BIOPHYS396,4,BIPH
119844.0,BIOSTAT230,4,BIST
119846.0,BIOSTAT232,5,BIST
119848.0,BIOSTAT235,4,BIST
119854.0,BIOSTAT250,5,BIST
160643.0,BIOSTAT267,5,BIST
160712.0,BIOSTAT273,5,BIST
126948.0,BIOSTAT299,4,BIST
119866.0,BIOSTAT350,4,BIST
119866.0,BIOSTAT350,5,BIST
119866.0,BIOSTAT350,4,BIST
119866.0,BIOSTAT350,4,BIST
119866.0,BIOSTAT350,4,BIST
119866.0,BIOSTAT350,4,BIST
119866.0,BIOSTAT350,5,BIST
119866.0,BIOSTAT350,4,BIST
119866.0,BIOSTAT350,5,BIST
119866.0,BIOSTAT350,4,BIST
119866.0,BIOSTAT350,5,BIST
119866.0,BIOSTAT350,5,BIST
119866.0,BIOSTAT350,4,BIST
119866.0,BIOSTAT350,4,BIST
119866.0,BIOSTAT350,5,BIST
119866.0,BIOSTAT350,4,BIST
119866.0,BIOSTAT350,5,BIST
119866.0,BIOSTAT350,4,BIST
126402.0,BPH201R,5,BSPH
113276.0,BPH208,5,BSPH
115767.0,BPH215,4,BSPH
110521.0,BPH301,4,BSPH
127601.0,BPH304QC,4,BSPH
127755.0,BPH309QC,5,BSPH
127931.0,BPH310QC,5,BSPH
131484.0,BPH315,5,BSPH
123667.0,BPH319,4,BSPH
116391.0,BPH323,4,BSPH
159945.0,BPH326,4,BSPH
112702.0,BPH334,5,BSPH
112707.0,BPH339,5,BSPH
112714.0,BPH345,4,BSPH
112726.0,BPH357,5,BSPH
112727.0,BPH358,4,BSPH
116290.0,BPH365,4,BSPH
120257.0,BPH372,4,BSPH
121278.0,BPH374,4,BSPH
121279.0,BPH375,4,BSPH
123059.0,BPH376,4,BSPH
126513.0,BPH377,5,BSPH
127158.0,BPH379,5,BSPH
127157.0,BPH380,5,BSPH
107908.0,BPH382,4,BSPH
109266.0,BPH384,5,BSPH
109267.0,BPH385,5,BSPH
109268.0,BPH386,5,BSPH
109362.0,BPH388,4,BSPH
160461.0,BPH391,5,BSPH
117895.0,BSDM300,5,BSDM
114279.0,CATALANBA,4,ROML
114454.0,CATALAN91R,4,ROML
121707.0,CELLBIO226,5,MDSC
107336.0,CELLBIO305QC,5,MDSC
126365.0,CELLBIO306,4,MDSC
107400.0,CELLBIO306QC,5,MDSC
121563.0,CELLBIO310,4,MDSC
109381.0,CELLBIO310QC,4,MDSC
126366.0,CELLBIO313,5,MDSC
160762.0,CELLBIO313QC,5,MDSC
111380.0,CELLBIO317,5,MDSC
109148.0,CELLBIO319,5,MDSC
114269.0,CELLBIO321,4,MDSC
127374.0,CELLBIO325,5,MDSC
119495.0,CELLBIO329,5,MDSC
119551.0,CELLBIO336,5,MDSC
113489.0,CELLBIO339,4,MDSC
119350.0,CELLBIO345,4,MDSC
110253.0,CELLBIO348,4,MDSC
124315.0,CELLBIO349,4,MDSC
110416.0,CELLBIO359,5,MDSC
128172.0,CELLBIO366,5,MDSC
127583.0,CELLBIO375,4,MDSC
115970.0,CELLBIO376,5,MDSC
120176.0,CELLBIO377,5,MDSC
125265.0,CELLBIO383,5,MDSC
109086.0,CELLBIO386,5,MDSC
109087.0,CELLBIO387,5,MDSC
121654.0,CELLBIO399,5,MDSC
110646.0,CELTIC91R,4,CELT
126774.0,CELTIC103,5,CELT
127630.0,CELTIC109,5,CELT
160492.0,CELTIC260,4,CELT
113390.0,CELTIC305,5,CELT
115137.0,CHEM17,4,CHEM
118925.0,CHEM30,5,CHEM
114811.0,CHEM60,5,CHEM
112494.0,CHEM98R,5,CHEM
113976.0,CHEM99R,4,CHEM
123022.0,CHEM100R,5,CHEM
124554.0,CHEM101,5,CHEM
108840.0,CHEM106,4,CHEM
114209.0,CHEM115,4,CHEM
126035.0,CHEM154,5,CHEM
112976.0,CHEM160,4,CHEM
107702.0,CHEM171,4,CHEM
118124.0,CHEM300,5,CHEM
124905.0,CHEM301HFA,5,CHEM
110717.0,CHEM302,5,CHEM
116447.0,CHEM304,4,CHEM
111823.0,CHEM311,4,CHEM
117520.0,CHEM315,5,CHEM
113803.0,CHEM318,4,CHEM
107703.0,CHEM320,5,CHEM
111689.0,CHEM323,4,CHEM
123927.0,CHEM325,4,CHEM
123994.0,CHEM330,5,CHEM
115459.0,CHEM336,4,CHEM
123995.0,CHEM340,4,CHEM
109111.0,CHEM342,4,CHEM
123316.0,CHEM350,4,CHEM
122695.0,CHEM386,5,CHEM
114102.0,CHEM387,4,CHEM
111158.0,CHEM388,4,CHEM
110520.0,CHEM389,4,CHEM
112638.0,CHEM390,5,CHEM
112639.0,CHEM391,5,CHEM
116230.0,CHEM393,5,CHEM
119230.0,CHEM396,4,CHEM
120076.0,CHEM397,5,CHEM
126695.0,CHEMBIO300HF,5,CHBI
124362.0,CHEMBIO350,5,CHBI
121170.0,CHEMBIO399,4,CHBI
113873.0,CHNSEBA,4,EALC
113873.0,CHNSEBA,5,EALC
113873.0,CHNSEBA,4,EALC
113873.0,CHNSEBA,4,EALC
120305.0,CHNSEBX,4,EALC
120305.0,CHNSEBX,5,EALC
110543.0,CHNSE106A,4,EALC
112899.0,CHNSE107A,5,EALC
113793.0,CHNSE120A,5,EALC
113793.0,CHNSE120A,5,EALC
113793.0,CHNSE120A,4,EALC
159629.0,CHNSE130A,4,EALC
159629.0,CHNSE130A,5,EALC
159629.0,CHNSE130A,4,EALC
124235.0,CHNSE130XA,5,EALC
124235.0,CHNSE130XA,4,EALC
111129.0,CHNSE140A,4,EALC
111129.0,CHNSE140A,4,EALC
113492.0,CHNSE142A,4,EALC
119757.0,CHNSE150A,4,EALC
117085.0,CHNSE163,5,EALC
117085.0,CHNSE163,5,EALC
114283.0,CHNSE300,4,EALC
114283.0,CHNSE300,4,EALC
114283.0,CHNSE300,5,EALC
114283.0,CHNSE300,5,EALC
114283.0,CHNSE300,4,EALC
159902.0,CHNSHIS201,4,EALC
131334.0,CHNSHIS270A,4,EALC
159552.0,CHNSLIT207,4,EALC
124652.0,CHNSLIT248,5,EALC
109512.0,CHNSLIT280,5,EALC
160357.0,CLASARCH149,5,CLAS
160456.0,CLASPHIL224,5,CLAS
159803.0,CLASPHIL232,5,CLAS
124914.0,CLASPHIL245,4,CLAS
126109.0,CLASSIC98,4,CLAS
126109.0,CLASSIC98,5,CLAS
111435.0,CLASSIC99A,5,CLAS
114000.0,CLASSIC300,5,CLAS
114000.0,CLASSIC300,5,CLAS
114000.0,CLASSIC300,5,CLAS
114000.0,CLASSIC300,4,CLAS
114000.0,CLASSIC300,5,CLAS
114000.0,CLASSIC300,5,CLAS
114000.0,CLASSIC300,5,CLAS
114000.0,CLASSIC300,5,CLAS
113024.0,CLASSIC301,4,CLAS
113024.0,CLASSIC301,4,CLAS
113024.0,CLASSIC301,5,CLAS
113024.0,CLASSIC301,5,CLAS
111873.0,CLASSIC302,5,CLAS
111873.0,CLASSIC302,4,CLAS
111873.0,CLASSIC302,4,CLAS
111873.0,CLASSIC302,5,CLAS
111873.0,CLASSIC302,4,CLAS
111873.0,CLASSIC302,4,CLAS
111873.0,CLASSIC302,5,CLAS
111873.0,CLASSIC302,4,CLAS
113591.0,CLASSIC350,4,CLAS
108588.0,CLASSIC360,5,CLAS
116729.0,CLS-STDY97A,5,CLAS
160535.0,CLS-STDY113,4,CLAS
159812.0,CLS-STDY141,5,CLAS
124969.0,CLS-STDY165,4,CLAS
109021.0,COMPLIT91R,5,CPLT
112485.0,COMPLIT98A,4,CPLT
114294.0,COMPLIT99A,4,CPLT
128115.0,COMPLIT103,4,CPLT
160668.0,COMPLIT119,5,CPLT
160882.0,COMPLIT123,4,CPLT
110068.0,COMPLIT151,4,CPLT
112654.0,COMPLIT157,5,CPLT
110069.0,COMPLIT243AA,4,CPLT
160582.0,COMPLIT243BA,4,CPLT
160670.0,COMPLIT243CA,4,CPLT
128209.0,COMPLIT274,5,CPLT
117360.0,COMPLIT277,5,CPLT
124022.0,COMPLIT288,5,CPLT
111650.0,COMPLIT299AR,4,CPLT
114019.0,COMPLIT396,5,CPLT
112761.0,COMPLIT397,4,CPLT
112761.0,COMPLIT397,5,CPLT
112761.0,COMPLIT397,5,CPLT
112031.0,COMPLIT399,4,CPLT
112031.0,COMPLIT399,5,CPLT
112031.0,COMPLIT399,4,CPLT
152514.0,COMPSCI50,4,SEAS
123623.0,COMPSCI61,4,SEAS
113257.0,COMPSCI91R,5,SEAS
125407.0,COMPSCI105,5,SEAS
160419.0,COMPSCI108,4,SEAS
109899.0,COMPSCI109,4,SEAS
119064.0,COMPSCI121,5,SEAS
156210.0,COMPSCI125,4,SEAS
160409.0,COMPSCI134,5,SEAS
113856.0,COMPSCI141,5,SEAS
112630.0,COMPSCI144R,5,SEAS
131493.0,COMPSCI153,5,SEAS
119249.0,COMPSCI165,5,SEAS
113410.0,COMPSCI175,4,SEAS
110661.0,COMPSCI182,5,SEAS
128104.0,COMPSCI205,5,SEAS
120237.0,COMPSCI229R,4,SEAS
112631.0,COMPSCI244R,5,SEAS
114807.0,COMPSCI252R,5,SEAS
160579.0,COMPSCI263,4,SEAS
107677.0,COMPSCI281,4,SEAS
113944.0,COMPSCI283,5,SEAS
114035.0,COMPSCI299R,4,SEAS
108374.0,COMPSCI304,4,SEAS
109278.0,COMPSCI306,5,SEAS
119252.0,COMPSCI308,4,SEAS
116301.0,COMPSCI310,5,SEAS
124155.0,COMPSCI314,4,SEAS
125388.0,COMPSCI316,4,SEAS
156744.0,COMPSCI320,5,SEAS
113643.0,COMPSCI322,5,SEAS
111666.0,COMPSCI324,5,SEAS
126331.0,COMPSCI326,5,SEAS
116858.0,COMPSCI344,4,SEAS
120091.0,COMPSCI348,4,SEAS
113027.0,COMPSCI356,5,SEAS
115136.0,COMPSCI358,4,SEAS
109883.0,COMPSCI360,5,SEAS
126329.0,COMPSCI364,5,SEAS
121071.0,COMPSCI376,4,SEAS
110261.0,COMPSCI378,4,SEAS
110263.0,COMPSCI380,4,SEAS
160970.0,COMPSCI386,4,SEAS
122591.0,CPB91,5,CHPB
122592.0,CPB99A,4,CHPB
125216.0,CULTBLF16,5,GENED
113501.0,CULTBLF22,5,GENED
126144.0,CULTBLF28,5,GENED
117020.0,CULTBLF30,5,GENED
126199.0,CULTBLF33,5,GENED
125055.0,CULTBLF39,4,GENED
127826.0,CULTBLF50,4,GENED
109543.0,CULTBLF57,4,GENED
109790.0,CULTBLF58,4,GENED
112218.0,CULTBLF62,5,GENED
111301.0,CZCHAA,4,SLAV
121469.0,CZCHBA,4,SLAV
123797.0,CZCHCR,4,SLAV
117756.0,DESIGN300,4,URBP
115401.0,DESIGN310,5,URBP
126385.0,DRB310,4,MDSC
126386.0,DRB311,4,MDSC
126387.0,DRB312,4,MDSC
126388.0,DRB313,5,MDSC
126389.0,DRB314,4,MDSC
126391.0,DRB316,4,MDSC
109351.0,DRB318,5,MDSC
126786.0,DRB319,4,MDSC
127403.0,DRB320,5,MDSC
127739.0,DRB321,5,MDSC
107628.0,DRB322,4,MDSC
109121.0,DRB325,5,MDSC
109147.0,DRB326,5,MDSC
160767.0,DRB327,4,MDSC
119753.0,EABS240R,4,EALC
125640.0,EABS255,4,EALC
117751.0,EABS300,4,EALC
117751.0,EABS300,5,EALC
159550.0,EAFM112,4,EALC
125611.0,EAFM140,5,EALC
108471.0,EAFM201,5,EALC
152860.0,EASTD90R,5,EALC
145023.0,EASTD98B,5,EALC
145319.0,EASTD98D,4,EALC
135225.0,EASTD99A,5,EALC
143833.0,EASTD140,5,EALC
156721.0,EASTD205,5,EALC
113326.0,ECON10A,4,ECON
107827.0,ECON910R,4,ECON
122752.0,ECON970,4,ECON
122752.0,ECON970,4,ECON
122752.0,ECON970,4,ECON
122752.0,ECON970,5,ECON
122752.0,ECON970,5,ECON
122752.0,ECON970,4,ECON
160356.0,ECON980O,4,ECON
110067.0,ECON980P,4,ECON
108892.0,ECON980X,4,ECON
160328.0,ECON980Y,5,ECON
160329.0,ECON980Z,5,ECON
109235.0,ECON985LA,5,ECON
109239.0,ECON985PA,4,ECON
156648.0,ECON985QA,5,ECON
160584.0,ECON985RA,5,ECON
160585.0,ECON985SA,4,ECON
160589.0,ECON985TA,4,ECON
160587.0,ECON985UA,4,ECON
108901.0,ECON1010A,5,ECON
120711.0,ECON1011A,5,ECON
119951.0,ECON1017,4,ECON
122655.0,ECON1018,5,ECON
160360.0,ECON1034,4,ECON
160763.0,ECON1053,5,ECON
123033.0,ECON1123,4,ECON
113637.0,ECON1126,4,ECON
107821.0,ECON1400,5,ECON
107613.0,ECON1415,4,ECON
116437.0,ECON1430,5,ECON
127519.0,ECON1432,5,ECON
125835.0,ECON1490,4,ECON
111749.0,ECON1535,4,ECON
111477.0,ECON1545,4,ECON
111105.0,ECON1723,5,ECON
125944.0,ECON1776,4,ECON
120245.0,ECON2001A,4,ECON
107608.0,ECON2005HFA,4,ECON
124134.0,ECON2010A,5,ECON
111213.0,ECON2010C,4,ECON
112942.0,ECON2020A,4,ECON
156371.0,ECON2035,5,ECON
110708.0,ECON2060A,5,ECON
108965.0,ECON2082,5,ECON
126663.0,ECON2087HFRA,5,ECON
156616.0,ECON2098,5,ECON
110312.0,ECON2099,4,ECON
120668.0,ECON2110,5,ECON
120662.0,ECON2140,4,ECON
113904.0,ECON2142,5,ECON
111451.0,ECON2162A,4,ECON
126819.0,ECON2325,4,ECON
156605.0,ECON2326,5,ECON
110160.0,ECON2332HFCA,5,ECON
123105.0,ECON2339RA,5,ECON
156645.0,ECON2390,4,ECON
111112.0,ECON2390DHFA,5,ECON
156372.0,ECON2395,5,ECON
113835.0,ECON2410,5,ECON
126666.0,ECON2412A,4,ECON
117451.0,ECON2420HFA,5,ECON
110660.0,ECON2450A,4,ECON
119562.0,ECON2480A,4,ECON
113995.0,ECON2530A,5,ECON
113575.0,ECON2540HFA,5,ECON
113404.0,ECON2610,4,ECON
117566.0,ECON2640HFA,4,ECON
111998.0,ECON2723,4,ECON
115030.0,ECON2770HFA,4,ECON
114301.0,ECON2810A,5,ECON
111404.0,ECON2812HFA,4,ECON
122105.0,ECON2888R,5,ECON
113716.0,ECON3000,5,ECON
113088.0,ECON3005,5,ECON
111733.0,ECON3390HFA,4,ECON
132616.0,ECON3450HFA,5,ECON
115494.0,ECON3460C,5,ECON
113663.0,ECON3723HFRA,4,ECON
113625.0,ECON3810CHFRA,5,ECON
160234.0,EGYPTIAN200,4,NELC
160748.0,EMR123,4,EMR
160751.0,EMR124,5,EMR
112199.0,EMREAS17,5,GENED
125932.0,EMREAS20,4,GENED
160953.0,ENGLISHCAFR,4,ENGL
145402.0,ENGLISHCAMR,5,ENGL
146632.0,ENGLISHCBBR,4,ENGL
160952.0,ENGLISHCFMR,4,ENGL
130000.0,ENGLISHCHCR,4,ENGL
156630.0,ENGLISHCIJR,4,ENGL
116875.0,ENGLISHCKR,4,ENGL
116874.0,ENGLISHCLR,4,ENGL
145426.0,ENGLISHCNFR,5,ENGL
148302.0,ENGLISHCNNR,4,ENGL
115777.0,ENGLISHCRR,4,ENGL
160960.0,ENGLISHCSSR,4,ENGL
130119.0,ENGLISHCTR,4,ENGL
148318.0,ENGLISHCWAR,4,ENGL
145856.0,ENGLISHCWFR,4,ENGL
156062.0,ENGLISH44,5,ENGL
146674.0,ENGLISH50,5,ENGL
146552.0,ENGLISH54,5,ENGL
146555.0,ENGLISH60,5,ENGL
159615.0,ENGLISH90AU,4,ENGL
123564.0,ENGLISH90CL,4,ENGL
156343.0,ENGLISH90HV,5,ENGL
160004.0,ENGLISH90SR,5,ENGL
160948.0,ENGLISH90WW,4,ENGL
110763.0,ENGLISH91R,4,ENGL
113443.0,ENGLISH98R,4,ENGL
114256.0,ENGLISH99R,5,ENGL
156063.0,ENGLISH102H,4,ENGL
146534.0,ENGLISH131,5,ENGL
159662.0,ENGLISH144M,4,ENGL
146676.0,ENGLISH145A,4,ENGL
146540.0,ENGLISH160W,5,ENGL
159665.0,ENGLISH179B,5,ENGL
159664.0,ENGLISH180C,5,ENGL
130245.0,ENGLISH182,4,ENGL
160947.0,ENGLISH190C,5,ENGL
146583.0,ENGLISH210,5,ENGL
156173.0,ENGLISH259,4,ENGL
160006.0,ENGLISH267Y,5,ENGL
160005.0,ENGLISH270U,5,ENGL
130270.0,ENGLISH285E,4,ENGL
160007.0,ENGLISH291C,4,ENGL
130908.0,ENGLISH298C,5,ENGL
111425.0,ENGLISH300HFA,5,ENGL
111425.0,ENGLISH300HFA,4,ENGL
117785.0,ENGLISH304HFA,4,ENGL
117785.0,ENGLISH304HFA,5,ENGL
117785.0,ENGLISH304HFA,4,ENGL
148064.0,ENGLISH306HFA,5,ENGL
119988.0,ENGLISH308HFA,4,ENGL
117944.0,ENGLISH310HFRA,4,ENGL
123135.0,ENGLISH350,4,ENGL
160742.0,ENGLISH360,5,ENGL
118927.0,ENGLISH397,5,ENGL
118927.0,ENGLISH397,4,ENGL
118927.0,ENGLISH397,5,ENGL
118927.0,ENGLISH397,5,ENGL
118927.0,ENGLISH397,4,ENGL
118927.0,ENGLISH397,4,ENGL
118927.0,ENGLISH397,4,ENGL
117540.0,ENGLISH398,5,ENGL
117540.0,ENGLISH398,5,ENGL
117540.0,ENGLISH398,5,ENGL
117540.0,ENGLISH398,5,ENGL
117540.0,ENGLISH398,4,ENGL
117540.0,ENGLISH398,5,ENGL
117540.0,ENGLISH398,4,ENGL
117540.0,ENGLISH398,5,ENGL
117540.0,ENGLISH398,5,ENGL
117540.0,ENGLISH398,5,ENGL
117540.0,ENGLISH398,5,ENGL
117540.0,ENGLISH398,4,ENGL
117540.0,ENGLISH398,5,ENGL
117540.0,ENGLISH398,4,ENGL
117540.0,ENGLISH398,5,ENGL
117540.0,ENGLISH398,4,ENGL
117540.0,ENGLISH398,4,ENGL
117540.0,ENGLISH398,5,ENGL
128317.0,ENG-SCI21,5,SEAS
110138.0,ENG-SCI29,5,SEAS
140008.0,ENG-SCI50,5,SEAS
148434.0,ENG-SCI51,5,SEAS
109809.0,ENG-SCI52,5,SEAS
122339.0,ENG-SCI53,5,SEAS
109477.0,ENG-SCI91R,5,SEAS
109272.0,ENG-SCI95R,5,SEAS
144983.0,ENG-SCI96,4,SEAS
144350.0,ENG-SCI100HFA,5,SEAS
125325.0,ENG-SCI110,4,SEAS
156427.0,ENG-SCI115,4,SEAS
156288.0,ENG-SCI121,4,SEAS
144157.0,ENG-SCI125,5,SEAS
107397.0,ENG-SCI135,4,SEAS
156215.0,ENG-SCI137,5,SEAS
118939.0,ENG-SCI139,5,SEAS
156518.0,ENG-SCI153,4,SEAS
156548.0,ENG-SCI158,5,SEAS
160452.0,ENG-SCI160,4,SEAS
109684.0,ENG-SCI163,4,SEAS
125096.0,ENG-SCI164,5,SEAS
138398.0,ENG-SCI165,5,SEAS
119048.0,ENG-SCI173,4,SEAS
127589.0,ENG-SCI176,5,SEAS
135598.0,ENG-SCI181,4,SEAS
143870.0,ENG-SCI190,4,SEAS
146772.0,ENG-SCI220,5,SEAS
114808.0,ENG-SCI222,5,SEAS
118942.0,ENG-SCI239,5,SEAS
131521.0,ENG-SCI240,4,SEAS
119057.0,ENG-SCI250,5,SEAS
160448.0,ENG-SCI254,5,SEAS
156726.0,ENG-SCI256,4,SEAS
123682.0,ENG-SCI263,4,SEAS
124746.0,ENG-SCI267,4,SEAS
127590.0,ENG-SCI276,4,SEAS
156219.0,ENG-SCI291,5,SEAS
160593.0,ENG-SCI294HFRA,4,SEAS
107995.0,ENG-SCI298R,5,SEAS
143668.0,ENG-SCI299R,5,SEAS
156746.0,ENG-SCI306,4,SEAS
148221.0,ENG-SCI310,4,SEAS
120087.0,ENG-SCI314,5,SEAS
146777.0,ENG-SCI316,4,SEAS
121405.0,ENG-SCI320,5,SEAS
125480.0,ENG-SCI322,5,SEAS
120117.0,ENG-SCI324,5,SEAS
115694.0,ENG-SCI326,4,SEAS
117378.0,ENG-SCI330,5,SEAS
117620.0,ENG-SCI332,5,SEAS
118787.0,ENG-SCI334,5,SEAS
114275.0,ENG-SCI336,4,SEAS
125478.0,ENG-SCI340,4,SEAS
127073.0,ENG-SCI342,5,SEAS
121466.0,ENG-SCI346,4,SEAS
127071.0,ENG-SCI348,5,SEAS
119262.0,ENG-SCI352,5,SEAS
118030.0,ENG-SCI354,5,SEAS
109276.0,ENG-SCI356,4,SEAS
144759.0,ENG-SCI358,5,SEAS
144339.0,ENG-SCI362,4,SEAS
121289.0,ENG-SCI366,5,SEAS
122867.0,ENG-SCI368,5,SEAS
160978.0,ENG-SCI372,4,SEAS
122347.0,ENG-SCI380,4,SEAS
127075.0,ENG-SCI382,5,SEAS
160965.0,ENG-SCI384,5,SEAS
114496.0,ENG-SCI390,4,SEAS
160971.0,ENG-SCI392,4,SEAS
122884.0,ENG-SCI396,5,SEAS
127402.0,ENG-SCI398,4,SEAS
128156.0,E-PSCI21,4,E&PS
120728.0,E-PSCI74,4,E&PS
110761.0,E-PSCI91,5,E&PS
120379.0,E-PSCI99A,5,E&PS
122333.0,E-PSCI100,5,E&PS
108748.0,E-PSCI107,4,E&PS
126934.0,E-PSCI135,5,E&PS
122074.0,E-PSCI141,5,E&PS
109231.0,E-PSCI152,4,E&PS
160957.0,E-PSCI160,4,E&PS
112745.0,E-PSCI171,4,E&PS
111855.0,E-PSCI200,4,E&PS
122549.0,E-PSCI208,4,E&PS
160228.0,E-PSCI235,5,E&PS
120783.0,E-PSCI236,5,E&PS
126403.0,E-PSCI239,4,E&PS
111063.0,E-PSCI240,5,E&PS
107842.0,E-PSCI252,4,E&PS
160229.0,E-PSCI264,5,E&PS
107945.0,E-PSCI274,4,E&PS
135034.0,E-PSCI330,5,E&PS
136675.0,E-PSCI331,4,E&PS
111964.0,E-PSCI332,5,E&PS
112465.0,E-PSCI335,4,E&PS
119664.0,E-PSCI336,5,E&PS
121682.0,E-PSCI338,4,E&PS
117893.0,E-PSCI339,4,E&PS
120356.0,E-PSCI341,5,E&PS
121156.0,E-PSCI342,5,E&PS
123215.0,E-PSCI343,4,E&PS
118106.0,E-PSCI344,4,E&PS
118677.0,E-PSCI345,4,E&PS
111039.0,E-PSCI362,4,E&PS
110742.0,E-PSCI364,4,E&PS
113927.0,E-PSCI367,5,E&PS
114453.0,E-PSCI368,4,E&PS
121457.0,E-PSCI369,5,E&PS
125317.0,E-PSCI370,5,E&PS
110528.0,E-PSCI380,4,E&PS
126101.0,E-PSCI381,5,E&PS
109882.0,ESPP77,4,ESPP
122678.0,ESPP90J,4,ESPP
123858.0,ESPP90N,4,ESPP
126892.0,ESPP90P,4,ESPP
156676.0,ESPP90X,4,ESPP
110943.0,ESPP91R,4,ESPP
116570.0,ESPP99A,4,ESPP
126834.0,ETHRSON28,4,GENED
110453.0,ETHRSON38,4,GENED
156035.0,ETHRSON39,4,GENED
159646.0,ETHRSON40,4,GENED
118262.0,EXPOS10,5,EXPO
118262.0,EXPOS10,5,EXPO
118262.0,EXPOS10,4,EXPO
118262.0,EXPOS10,5,EXPO
118262.0,EXPOS10,4,EXPO
118262.0,EXPOS10,4,EXPO
118262.0,EXPOS10,5,EXPO
118262.0,EXPOS10,5,EXPO
118262.0,EXPOS10,5,EXPO
118262.0,EXPOS10,5,EXPO
118262.0,EXPOS10,4,EXPO
118262.0,EXPOS10,4,EXPO
118262.0,EXPOS10,4,EXPO
118262.0,EXPOS10,5,EXPO
118262.0,EXPOS10,5,EXPO
116353.0,EXPOS20,4,EXPO
116353.0,EXPOS20,4,EXPO
116353.0,EXPOS20,5,EXPO
116353.0,EXPOS20,4,EXPO
116353.0,EXPOS20,5,EXPO
116353.0,EXPOS20,5,EXPO
116353.0,EXPOS20,4,EXPO
116353.0,EXPOS20,4,EXPO
116353.0,EXPOS20,5,EXPO
116353.0,EXPOS20,4,EXPO
116353.0,EXPOS20,4,EXPO
116353.0,EXPOS20,5,EXPO
116353.0,EXPOS20,4,EXPO
116353.0,EXPOS20,4,EXPO
116353.0,EXPOS20,4,EXPO
116353.0,EXPOS20,4,EXPO
116353.0,EXPOS20,4,EXPO
116353.0,EXPOS20,5,EXPO
116353.0,EXPOS20,4,EXPO
116353.0,EXPOS20,5,EXPO
116353.0,EXPOS20,4,EXPO
116353.0,EXPOS20,5,EXPO
116353.0,EXPOS20,4,EXPO
116353.0,EXPOS20,4,EXPO
116353.0,EXPOS20,5,EXPO
116353.0,EXPOS20,4,EXPO
116353.0,EXPOS20,5,EXPO
116353.0,EXPOS20,5,EXPO
116353.0,EXPOS20,5,EXPO
116353.0,EXPOS20,5,EXPO
116353.0,EXPOS20,5,EXPO
116353.0,EXPOS20,4,EXPO
116353.0,EXPOS20,4,EXPO
116353.0,EXPOS20,5,EXPO
116353.0,EXPOS20,5,EXPO
116353.0,EXPOS20,4,EXPO
116353.0,EXPOS20,5,EXPO
116353.0,EXPOS20,4,EXPO
116353.0,EXPOS20,5,EXPO
116353.0,EXPOS20,5,EXPO
116353.0,EXPOS20,5,EXPO
116353.0,EXPOS20,4,EXPO
116353.0,EXPOS20,5,EXPO
116353.0,EXPOS20,4,EXPO
116353.0,EXPOS20,4,EXPO
116353.0,EXPOS20,5,EXPO
116353.0,EXPOS20,4,EXPO
116353.0,EXPOS20,5,EXPO
116353.0,EXPOS20,5,EXPO
116353.0,EXPOS20,5,EXPO
125227.0,EXPOS40,4,EXPO
125227.0,EXPOS40,4,EXPO
110287.0,FOLKMYTH90S,4,FOLK
115032.0,FOLKMYTH98A,5,FOLK
113480.0,FOLKMYTH99A,5,FOLK
122553.0,FOLKMYTH128,4,FOLK
156464.0,FOLKMYTH153,5,FOLK
126933.0,FRENCHAA,4,ROML
126933.0,FRENCHAA,4,ROML
126933.0,FRENCHAA,5,ROML
126933.0,FRENCHAA,5,ROML
126933.0,FRENCHAA,4,ROML
126933.0,FRENCHAA,5,ROML
126935.0,FRENCHAB,4,ROML
126935.0,FRENCHAB,5,ROML
124332.0,FRENCHACD,5,ROML
111933.0,FRENCHAX,4,ROML
126938.0,FRENCHC,4,ROML
126938.0,FRENCHC,5,ROML
126938.0,FRENCHC,5,ROML
126942.0,FRENCH30,5,ROML
126942.0,FRENCH30,4,ROML
126997.0,FRENCH40,4,ROML
126997.0,FRENCH40,4,ROML
126998.0,FRENCH50,4,ROML
126998.0,FRENCH50,4,ROML
160596.0,FRENCH61B,5,ROML
109320.0,FRENCH61C,4,ROML
156537.0,FRENCH61G,5,ROML
119121.0,FRENCH70B,5,ROML
111988.0,FRENCH99A,5,ROML
160567.0,FRENCH140,5,ROML
127874.0,FRENCH143,4,ROML
160718.0,FRENCH176,4,ROML
160604.0,FRENCH182,4,ROML
156647.0,FRENCH189,5,ROML
115898.0,FRENCH213,4,ROML
117239.0,FRENCH252,5,ROML
160602.0,FRENCH278,5,ROML
122556.0,FRENCH330,4,ROML
122556.0,FRENCH330,4,ROML
122556.0,FRENCH330,5,ROML
159728.0,FRSEMR21D,5,FRSP
159722.0,FRSEMR21H,5,FRSP
159830.0,FRSEMR21R,4,FRSP
109627.0,FRSEMR21V,5,FRSP
159833.0,FRSEMR21Z,4,FRSP
123659.0,FRSEMR22M,4,FRSP
160118.0,FRSEMR22R,4,FRSP
160194.0,FRSEMR22V,4,FRSP
160201.0,FRSEMR23D,5,FRSP
160215.0,FRSEMR23H,5,FRSP
160219.0,FRSEMR23I,4,FRSP
125226.0,FRSEMR23M,4,FRSP
109319.0,FRSEMR23P,5,FRSP
109575.0,FRSEMR23Y,4,FRSP
118807.0,FRSEMR24E,5,FRSP
127976.0,FRSEMR24G,5,FRSP
119619.0,FRSEMR24N,4,FRSP
128119.0,FRSEMR24P,4,FRSP
110305.0,FRSEMR24Q,5,FRSP
120746.0,FRSEMR25K,4,FRSP
108555.0,FRSEMR25O,5,FRSP
120755.0,FRSEMR25P,5,FRSP
108574.0,FRSEMR25Q,5,FRSP
120969.0,FRSEMR25W,4,FRSP
108257.0,FRSEMR25X,5,FRSP
107340.0,FRSEMR26F,4,FRSP
125286.0,FRSEMR26V,5,FRSP
156181.0,FRSEMR26Z,4,FRSP
108829.0,FRSEMR27I,4,FRSP
156929.0,FRSEMR27J,5,FRSP
159725.0,FRSEMR30C,4,FRSP
159721.0,FRSEMR30D,4,FRSP
159724.0,FRSEMR30F,4,FRSP
108261.0,FRSEMR30G,4,FRSP
159726.0,FRSEMR30H,4,FRSP
110425.0,FRSEMR30Q,5,FRSP
159727.0,FRSEMR30R,5,FRSP
156930.0,FRSEMR30U,5,FRSP
159735.0,FRSEMR31C,5,FRSP
159736.0,FRSEMR31D,4,FRSP
109471.0,FRSEMR31E,4,FRSP
156179.0,FRSEMR31G,4,FRSP
159737.0,FRSEMR31H,5,FRSP
121901.0,FRSEMR31J,5,FRSP
159738.0,FRSEMR31L,5,FRSP
121903.0,FRSEMR31N,4,FRSP
109474.0,FRSEMR31P,5,FRSP
159734.0,FRSEMR32C,5,FRSP
159797.0,FRSEMR32F,5,FRSP
159808.0,FRSEMR32H,5,FRSP
159836.0,FRSEMR33C,5,FRSP
159886.0,FRSEMR33D,4,FRSP
159904.0,FRSEMR33F,5,FRSP
160195.0,FRSEMR33H,4,FRSP
160199.0,FRSEMR34C,5,FRSP
160202.0,FRSEMR34D,5,FRSP
160204.0,FRSEMR34F,4,FRSP
160237.0,FRSEMR34H,5,FRSP
108514.0,FRSEMR34S,4,FRSP
125969.0,FRSEMR34T,4,FRSP
156241.0,FRSEMR34V,5,FRSP
117406.0,FRSEMR34X,5,FRSP
126838.0,FRSEMR35N,5,FRSP
156293.0,FRSEMR37K,4,FRSP
156178.0,FRSEMR37Y,5,FRSP
123725.0,FRSEMR38I,5,FRSP
110427.0,FRSEMR40L,4,FRSP
159832.0,FRSEMR41D,4,FRSP
109475.0,FRSEMR41E,5,FRSP
159806.0,FRSEMR41F,5,FRSP
159831.0,FRSEMR41H,4,FRSP
156421.0,FRSEMR41J,5,FRSP
124777.0,FRSEMR41P,5,FRSP
159837.0,FRSEMR41R,4,FRSP
160203.0,FRSEMR42H,5,FRSP
125124.0,FRSEMR42U,4,FRSP
160221.0,FRSEMR43F,4,FRSP
160231.0,FRSEMR43H,5,FRSP
125718.0,FRSEMR43M,5,FRSP
108515.0,FRSEMR43W,4,FRSP
115417.0,FRSEMR44G,5,FRSP
117263.0,FRSEMR44T,5,FRSP
128123.0,FRSEMR48E,4,FRSP
119622.0,FRSEMR48K,4,FRSP
121907.0,FRSEMR49N,4,FRSP
120400.0,FRSEMR49Y,5,FRSP
113752.0,GENETIC201,4,MDSC
156720.0,GENETIC303L,4,MDSC
160766.0,GENETIC307,5,MDSC
113402.0,GENETIC309,5,MDSC
118193.0,GENETIC310,5,MDSC
121057.0,GENETIC311,4,MDSC
120754.0,GENETIC314,5,MDSC
117269.0,GENETIC316,5,MDSC
114865.0,GENETIC318,5,MDSC
126368.0,GENETIC320,4,MDSC
118751.0,GENETIC321,5,MDSC
113859.0,GENETIC322,4,MDSC
117273.0,GENETIC325,4,MDSC
126370.0,GENETIC327,4,MDSC
111897.0,GENETIC328,5,MDSC
117637.0,GENETIC329,4,MDSC
115971.0,GENETIC332,4,MDSC
109352.0,GENETIC333,4,MDSC
114764.0,GENETIC335,5,MDSC
120540.0,GENETIC336,4,MDSC
120637.0,GENETIC337,4,MDSC
159949.0,GENETIC338,4,MDSC
124201.0,GENETIC342,5,MDSC
160951.0,GENETIC345,5,MDSC
107886.0,GENETIC347,4,MDSC
156719.0,GENETIC348,4,MDSC
107887.0,GENETIC356,4,MDSC
123342.0,GENETIC358,4,MDSC
125583.0,GENETIC361,5,MDSC
128166.0,GENETIC368,4,MDSC
115356.0,GENETIC370,5,MDSC
128167.0,GENETIC372,5,MDSC
120007.0,GENETIC374,4,MDSC
120008.0,GENETIC376,5,MDSC
120009.0,GENETIC377,5,MDSC
127400.0,GENETIC388,4,MDSC
128170.0,GENETIC389,5,MDSC
127407.0,GENETIC391,4,MDSC
108113.0,GENETIC392,4,MDSC
128192.0,GENETIC393,4,MDSC
107885.0,GENETIC394,5,MDSC
107761.0,GENETIC395,4,MDSC
108111.0,GENETIC396,5,MDSC
107630.0,GENETIC397,4,MDSC
109349.0,GENETIC398,5,MDSC
113802.0,GERMANAA,4,GERM
113802.0,GERMANAA,4,GERM
113802.0,GERMANAA,5,GERM
113802.0,GERMANAA,5,GERM
120599.0,GERMANAX,5,GERM
124093.0,GERMANBAB,5,GERM
112920.0,GERMANCA,4,GERM
112920.0,GERMANCA,4,GERM
122029.0,GERMANDAB,4,GERM
122031.0,GERMAN61,5,GERM
122031.0,GERMAN61,4,GERM
159603.0,GERMAN101,4,GERM
115710.0,GERMAN147,5,GERM
125709.0,GERMAN182,5,GERM
135718.0,GERMAN200,4,GERM
159641.0,GERMAN236,5,GERM
159642.0,GERMAN243,5,GERM
113307.0,GERMAN300,5,GERM
107669.0,GHHP60,4,GLOBHLTH
127231.0,GHHP91,4,GLOBHLTH
117853.0,GOV20,5,GOVM
111813.0,GOV30,5,GOVM
111659.0,GOV91R,5,GOVM
108639.0,GOV92R,5,GOVM
159826.0,GOV94AM,4,GOVM
159825.0,GOV94AO,4,GOVM
160372.0,GOV94AP,5,GOVM
156441.0,GOV94CA,5,GOVM
160335.0,GOV94CI,4,GOVM
159827.0,GOV94CS,5,GOVM
125238.0,GOV94FG,5,GOVM
156493.0,GOV94HA,4,GOVM
109736.0,GOV94LG,4,GOVM
156488.0,GOV94NL,5,GOVM
128009.0,GOV94OF,4,GOVM
109733.0,GOV94PY,5,GOVM
156443.0,GOV94XY,4,GOVM
113319.0,GOV99R,5,GOVM
113559.0,GOV1000,5,GOVM
122850.0,GOV1008,4,GOVM
119479.0,GOV1010,4,GOVM
125331.0,GOV1019,4,GOVM
123540.0,GOV1052,5,GOVM
114754.0,GOV1060,4,GOVM
114770.0,GOV1171,5,GOVM
159678.0,GOV1219,5,GOVM
111162.0,GOV1243,4,GOVM
110893.0,GOV1280,5,GOVM
109554.0,GOV1292,5,GOVM
124447.0,GOV1300,5,GOVM
121728.0,GOV1368,5,GOVM
128024.0,GOV1510,4,GOVM
114432.0,GOV1540,4,GOVM
118526.0,GOV1740,4,GOVM
111906.0,GOV1780,5,GOVM
113210.0,GOV1796,4,GOVM
111556.0,GOV1982,4,GOVM
118414.0,GOV2000,4,GOVM
127497.0,GOV2000E,4,GOVM
111530.0,GOV2002,5,GOVM
110953.0,GOV2005,5,GOVM
121388.0,GOV2010,4,GOVM
160405.0,GOV2022,4,GOVM
124836.0,GOV2034,4,GOVM
123542.0,GOV2088,5,GOVM
114710.0,GOV2148,5,GOVM
119573.0,GOV2160,4,GOVM
124426.0,GOV2176,5,GOVM
111410.0,GOV2305,4,GOVM
128283.0,GOV2340A,4,GOVM
159875.0,GOV2340C,5,GOVM
156355.0,GOV2474,4,GOVM
123375.0,GOV2710,4,GOVM
156510.0,GOV2830,4,GOVM
113694.0,GOV3000A,4,GOVM
113694.0,GOV3000A,4,GOVM
127060.0,GOV3001,4,GOVM
123991.0,GOV3004A,5,GOVM
107770.0,GOV3005A,4,GOVM
125452.0,GOV3006A,4,GOVM
127704.0,GOV3007A,4,GOVM
121718.0,GOV3008A,5,GOVM
111844.0,GOV3009A,5,GOVM
127455.0,GOV3100A,4,GOVM
110622.0,GREEKAA,5,CLAS
122172.0,GREEKAC,4,CLAS
114120.0,GREEKBA,5,CLAS
108094.0,GREEK110,5,CLAS
112288.0,GREEK112A,4,CLAS
160437.0,GREEK122,4,CLAS
115238.0,GREEK134,4,CLAS
160560.0,HAA15D,4,HAA
160563.0,HAA17V,4,HAA
109835.0,HAA18S,4,HAA
126539.0,HAA97R,4,HAA
110650.0,HAA98AR,4,HAA
113117.0,HAA98BR,4,HAA
112484.0,HAA99A,4,HAA
118559.0,HAA143R,5,HAA
160561.0,HAA150V,4,HAA
159977.0,HAA157K,5,HAA
159687.0,HAA173G,5,HAA
121784.0,HAA175K,4,HAA
159916.0,HAA177P,4,HAA
110270.0,HAA179X,5,HAA
159913.0,HAA188V,4,HAA
159683.0,HAA192M,4,HAA
159982.0,HAA199N,4,HAA
159980.0,HAA223M,5,HAA
160564.0,HAA270V,5,HAA
159952.0,HAA280R,4,HAA
109836.0,HAA285M,5,HAA
159998.0,HAA287S,4,HAA
160725.0,HAA291N,5,HAA
159675.0,HAA297V,4,HAA
116620.0,HAA300,5,HAA
116620.0,HAA300,5,HAA
116620.0,HAA300,5,HAA
122674.0,HAA310A,5,HAA
118897.0,HAA399,5,HAA
118897.0,HAA399,5,HAA
143057.0,HBTM201,4,MDSC
109394.0,HBTM235,5,MDSC
124270.0,HBTM307,5,MDSC
125398.0,HBTM327,5,MDSC
125378.0,HBTM329,5,MDSC
125405.0,HBTM331,5,MDSC
160768.0,HBTM332,4,MDSC
126374.0,HBTM342,4,MDSC
107631.0,HBTM348,5,MDSC
109125.0,HBTM355,4,MDSC
109127.0,HBTM359,4,MDSC
109129.0,HBTM361,5,MDSC
109133.0,HBTM365,4,MDSC
109136.0,HBTM369,5,MDSC
109137.0,HBTM370,5,MDSC
109145.0,HBTM376,4,MDSC
110228.0,HBTM380,5,MDSC
110229.0,HBTM381,4,MDSC
122594.0,HEB91R,4,HEB
122595.0,HEB99A,4,HEB
160614.0,HEB1200,4,HEB
159565.0,HEB1290,5,HEB
122589.0,HEB1312,4,HEB
160432.0,HEB1321,5,HEB
126512.0,HEB1335,4,HEB
124949.0,HEB1351,5,HEB
121996.0,HEB1355,5,HEB
121996.0,HEB1355,5,HEB
160738.0,HEB1390,4,HEB
160458.0,HEB1413,5,HEB
110741.0,HEB1418,4,HEB
125032.0,HEB1421,4,HEB
132169.0,HEB1463,4,HEB
156174.0,HEB1480,4,HEB
108665.0,HEB1540,5,HEB
160455.0,HEB1562,5,HEB
126279.0,HEB3000,5,HEB
126279.0,HEB3000,5,HEB
126279.0,HEB3000,4,HEB
126279.0,HEB3000,5,HEB
126279.0,HEB3000,5,HEB
126279.0,HEB3000,5,HEB
126919.0,HEB3200,4,HEB
117873.0,HEB3310,5,HEB
126281.0,HEB3320,4,HEB
126281.0,HEB3320,4,HEB
126281.0,HEB3320,4,HEB
126281.0,HEB3320,4,HEB
126406.0,HEB3350,5,HEB
126282.0,HEB3400,5,HEB
126282.0,HEB3400,4,HEB
126282.0,HEB3400,4,HEB
126283.0,HEB3500,5,HEB
160709.0,HEB3596,4,HEB
160490.0,HEBREW243,5,NELC
160590.0,HEBREW245,5,NELC
107375.0,HIND-URD91R,4,SAST
113639.0,HIND-URD101A,4,SAST
112079.0,HIND-URD102A,4,SAST
116494.0,HIND-URD103AR,5,SAST
115587.0,HIND-URD105R,4,SAST
115587.0,HIND-URD105R,4,SAST
159640.0,HIST13C,4,HIST
159592.0,HIST13D,4,HIST
160572.0,HIST13G,4,HIST
160189.0,HIST60Q,5,HIST
160190.0,HIST60U,4,HIST
125503.0,HIST79E,4,HIST
123222.0,HIST84H,4,HIST
108495.0,HIST89H,5,HIST
110758.0,HIST91R,4,HIST
116853.0,HIST99A,5,HIST
159559.0,HIST1013,4,HIST
160573.0,HIST1042,5,HIST
160241.0,HIST1047,5,HIST
113018.0,HIST1063,4,HIST
110511.0,HIST1068,4,HIST
124506.0,HIST1270,5,HIST
119533.0,HIST1300,4,HIST
127948.0,HIST1405,5,HIST
125527.0,HIST1410,4,HIST
108533.0,HIST1513,5,HIST
148158.0,HIST1878B,5,HIST
160207.0,HIST1880,4,HIST
107925.0,HIST1911,4,HIST
159654.0,HIST1914,5,HIST
124512.0,HIST1918,5,HIST
160401.0,HIST1928,4,HIST
159656.0,HIST1930,4,HIST
159591.0,HIST1934,4,HIST
159562.0,HIST1938,4,HIST
159878.0,HIST1973,4,HIST
160413.0,HIST1974,4,HIST
156564.0,HIST1993,4,HIST
160238.0,HIST1998,4,HIST
114862.0,HIST2055,5,HIST
119167.0,HIST2112,4,HIST
121634.0,HIST2260,4,HIST
127616.0,HIST2320A,4,HIST
123047.0,HIST2321,5,HIST
111493.0,HIST2340A,4,HIST
127939.0,HIST2341A,5,HIST
159681.0,HIST2424,5,HIST
112069.0,HIST2462,4,HIST
122157.0,HIST2463,4,HIST
109873.0,HIST2475,5,HIST
160380.0,HIST2482A,4,HIST
160127.0,HIST2510,5,HIST
159563.0,HIST2638,4,HIST
124013.0,HIST2653,5,HIST
159554.0,HIST2707,4,HIST
113048.0,HIST2886,4,HIST
160050.0,HIST2919A,4,HIST
109762.0,HIST2950A,5,HIST
124297.0,HIST2968,4,HIST
114064.0,HIST3000,5,HIST
114064.0,HIST3000,5,HIST
114064.0,HIST3000,4,HIST
114064.0,HIST3000,4,HIST
114064.0,HIST3000,4,HIST
114064.0,HIST3000,4,HIST
114064.0,HIST3000,5,HIST
114064.0,HIST3000,5,HIST
114064.0,HIST3000,5,HIST
114064.0,HIST3000,4,HIST
114064.0,HIST3000,5,HIST
114064.0,HIST3000,4,HIST
114064.0,HIST3000,4,HIST
114064.0,HIST3000,5,HIST
114064.0,HIST3000,5,HIST
114064.0,HIST3000,5,HIST
114064.0,HIST3000,5,HIST
114064.0,HIST3000,4,HIST
114064.0,HIST3000,4,HIST
114064.0,HIST3000,5,HIST
114064.0,HIST3000,4,HIST
112981.0,HIST3010,4,HIST
112981.0,HIST3010,5,HIST
112981.0,HIST3010,4,HIST
112981.0,HIST3010,4,HIST
112981.0,HIST3010,5,HIST
112981.0,HIST3010,5,HIST
112981.0,HIST3010,4,HIST
112981.0,HIST3010,4,HIST
112981.0,HIST3010,5,HIST
112981.0,HIST3010,4,HIST
112981.0,HIST3010,5,HIST
112981.0,HIST3010,4,HIST
112981.0,HIST3010,5,HIST
112981.0,HIST3010,4,HIST
112981.0,HIST3010,4,HIST
112981.0,HIST3010,5,HIST
112981.0,HIST3010,4,HIST
112981.0,HIST3010,4,HIST
112981.0,HIST3010,5,HIST
112981.0,HIST3010,4,HIST
112981.0,HIST3010,5,HIST
112981.0,HIST3010,5,HIST
110673.0,HIST3900,5,HIST
125097.0,HIST3920A,4,HIST
109640.0,HIST-LIT90AV,5,HLIT
159785.0,HIST-LIT90BK,5,HLIT
159787.0,HIST-LIT90BL,5,HLIT
159790.0,HIST-LIT90BO,5,HLIT
159791.0,HIST-LIT90BP,5,HLIT
159792.0,HIST-LIT90BQ,4,HLIT
160727.0,HIST-LIT90BX,5,HLIT
160728.0,HIST-LIT90BY,4,HLIT
160729.0,HIST-LIT90BZ,4,HLIT
160730.0,HIST-LIT90CA,4,HLIT
160968.0,HIST-LIT90CD,5,HLIT
156003.0,HIST-LIT90L,5,HLIT
111935.0,HIST-LIT98R,5,HLIT
115758.0,HIST-LIT99A,5,HLIT
109660.0,HISTSCI98,4,HSCI
118977.0,HISTSCI99A,5,HSCI
123398.0,HISTSCI100,4,HSCI
156531.0,HISTSCI115,5,HSCI
160367.0,HISTSCI141V,4,HSCI
159730.0,HISTSCI144,4,HSCI
156290.0,HISTSCI146V,4,HSCI
109847.0,HISTSCI149V,4,HSCI
109003.0,HISTSCI166,5,HSCI
109859.0,HISTSCI179,4,HSCI
124589.0,HISTSCI180,5,HSCI
160334.0,HISTSCI181,5,HSCI
160332.0,HISTSCI192,4,HSCI
160191.0,HISTSCI194V,5,HSCI
107754.0,HISTSCI200,4,HSCI
127097.0,HISTSCI209,5,HSCI
108933.0,HISTSCI261,4,HSCI
156326.0,HISTSCI272,4,HSCI
122718.0,HISTSCI285,4,HSCI
127069.0,HISTSCI292,5,HSCI
160707.0,HISTSCI295V,5,HSCI
116549.0,HISTSCI301,4,HSCI
116549.0,HISTSCI301,5,HSCI
116549.0,HISTSCI301,5,HSCI
116549.0,HISTSCI301,4,HSCI
116549.0,HISTSCI301,4,HSCI
125363.0,HISTSCI310HFA,4,HSCI
113988.0,HLTHPOL2000A,4,HPOL
112764.0,HLTHPOL3000,5,HPOL
112764.0,HLTHPOL3000,5,HPOL
124259.0,HLTHPOL3015A,5,HPOL
116283.0,HLTHPOL3040A,5,HPOL
110065.0,HLTHPOL3050,4,HPOL
119676.0,HLTHPOL3060A,5,HPOL
119678.0,HLTHPOL3080A,5,HPOL
110440.0,HUMAN10A,4,HUM
109855.0,HUMAN11B,5,HUM
160423.0,HUMAN53,4,HUM
160422.0,HUMAN54,4,HUM
148547.0,IMMUN201,4,MDSC
142204.0,IMMUN301,4,MDSC
146635.0,IMMUN305,5,MDSC
130614.0,IMMUN307QC,5,MDSC
156742.0,IMMUN308,4,MDSC
130018.0,IMMUN310,4,MDSC
148325.0,IMMUN312,4,MDSC
130017.0,IMMUN318,4,MDSC
146443.0,IMMUN321,5,MDSC
146251.0,IMMUN322,4,MDSC
142667.0,IMMUN324,4,MDSC
145418.0,IMMUN325,4,MDSC
144904.0,IMMUN327,4,MDSC
142714.0,IMMUN328R,4,MDSC
133227.0,IMMUN329,4,MDSC
160972.0,IMMUN334L,4,MDSC
160760.0,IMMUN335,5,MDSC
144165.0,IMMUN336,5,MDSC
143482.0,IMMUN344,4,MDSC
145022.0,IMMUN345,4,MDSC
131316.0,IMMUN346,4,MDSC
131343.0,IMMUN350,5,MDSC
144582.0,IMMUN351,5,MDSC
144750.0,IMMUN353,5,MDSC
146705.0,IMMUN354,4,MDSC
131559.0,IMMUN362,5,MDSC
131766.0,IMMUN364,4,MDSC
131552.0,IMMUN368,4,MDSC
131566.0,IMMUN378,5,MDSC
148326.0,IMMUN390,5,MDSC
148193.0,IMMUN392,4,MDSC
148194.0,IMMUN394,5,MDSC
150200.0,INDSTUDY1,4,NODEPT
150200.0,INDSTUDY1,5,NODEPT
150200.0,INDSTUDY1,4,NODEPT
150200.0,INDSTUDY1,4,NODEPT
150200.0,INDSTUDY1,5,NODEPT
150200.0,INDSTUDY1,4,NODEPT
150200.0,INDSTUDY1,4,NODEPT
150200.0,INDSTUDY1,5,NODEPT
150200.0,INDSTUDY1,4,NODEPT
150200.0,INDSTUDY1,4,NODEPT
150200.0,INDSTUDY1,5,NODEPT
119128.0,IRISH132,4,CELT
123266.0,IRISH200,4,CELT
109243.0,ISLAMCIV170,5,NELC
109812.0,ISLAMCIV176,4,NELC
111918.0,ISLAMCIV178,4,NELC
156319.0,ISLAMCIV217,4,NELC
113814.0,ITALAA,5,ROML
113814.0,ITALAA,4,ROML
113814.0,ITALAA,4,ROML
125061.0,ITALAB,4,ROML
128265.0,ITALC,5,ROML
128266.0,ITAL30,5,ROML
116233.0,ITAL40,5,ROML
111393.0,ITAL91R,5,ROML
160608.0,ITAL112,5,ROML
160610.0,ITAL117,4,ROML
160673.0,ITAL134,5,ROML
160609.0,ITAL142,5,ROML
160689.0,ITAL244,4,ROML
108772.0,ITAL262,5,ROML
114255.0,ITAL320,5,ROML
111193.0,JAPANBA,5,EALC
111193.0,JAPANBA,5,EALC
111193.0,JAPANBA,4,EALC
110782.0,JAPAN106A,5,EALC
159595.0,JAPAN120A,5,EALC
159595.0,JAPAN120A,4,EALC
159595.0,JAPAN120A,5,EALC
114292.0,JAPAN130A,5,EALC
114292.0,JAPAN130A,5,EALC
113348.0,JAPAN140A,5,EALC
113348.0,JAPAN140A,5,EALC
114117.0,JAPAN150A,5,EALC
125813.0,JAPAN210A,4,EALC
114061.0,JAPAN300,4,EALC
114061.0,JAPAN300,4,EALC
114061.0,JAPAN300,4,EALC
160510.0,JAPNHIST203,4,EALC
159553.0,JAPNHIST214R,4,EALC
126923.0,JAPNLIT270,5,EALC
110821.0,JEWISHST300,4,NELC
124296.0,KOREANBA,4,EALC
114383.0,KOREANBXA,5,EALC
117220.0,KOREAN120A,5,EALC
111235.0,KOREAN130A,4,EALC
116633.0,KOREAN140A,4,EALC
115517.0,KOREAN150A,5,EALC
108233.0,KORHIST115,5,EALC
119686.0,KORHIST253,4,EALC
112681.0,KORHIST260,5,EALC
114176.0,LATINAA,5,CLAS
114176.0,LATINAA,5,CLAS
114176.0,LATINAA,5,CLAS
122177.0,LATINAC,5,CLAS
111430.0,LATINBA,4,CLAS
111430.0,LATINBA,5,CLAS
120382.0,LATINBAM,4,CLAS
135062.0,LATINH,4,CLAS
156306.0,LATIN106A,5,CLAS
156306.0,LATIN106A,4,CLAS
111470.0,LATIN110,5,CLAS
120352.0,LATIN112A,4,CLAS
117068.0,LATIN201,4,CLAS
160717.0,LEAV1,4,FAS
121189.0,LIFESCI1A,4,LSCI
123674.0,LIFESCI2,4,LSCI
159706.0,LIFESCI50A,4,LSCI
119061.0,LIFESCI100,4,LSCI
113749.0,LING98A,5,LING
112452.0,LING99A,4,LING
110785.0,LING101,4,LING
121089.0,LING102,4,LING
111954.0,LING105,5,LING
123850.0,LING108,4,LING
114153.0,LING112,5,LING
123439.0,LING115,5,LING
122515.0,LING116,5,LING
128097.0,LING130,4,LING
159718.0,LING149,5,LING
125242.0,LING200,4,LING
128096.0,LING207R,5,LING
112991.0,LING220AR,4,LING
123710.0,LING250,4,LING
119132.0,LING300,5,LING
119132.0,LING300,5,LING
124075.0,LING301,5,LING
123833.0,LPSA,4,CHEM
112682.0,MANCHU120A,4,EALC
111161.0,MATHMA,5,MATH
123680.0,MATH1A,4,MATH
111010.0,MATH1B,5,MATH
125396.0,MATH18,5,MATH
110596.0,MATH19A,5,MATH
119196.0,MATH21A,4,MATH
110989.0,MATH21B,4,MATH
111695.0,MATH23A,5,MATH
110808.0,MATH25A,5,MATH
113627.0,MATH55A,5,MATH
123883.0,MATH60R,4,MATH
111297.0,MATH91R,5,MATH
117647.0,MATH99R,5,MATH
122943.0,MATH101,5,MATH
123227.0,MATH114,4,MATH
118302.0,MATH116,5,MATH
120228.0,MATH121,5,MATH
122603.0,MATH122,4,MATH
111533.0,MATH124,5,MATH
111458.0,MATH131,5,MATH
111133.0,MATH136,5,MATH
159623.0,MATH142,4,MATH
116191.0,MATH152,5,MATH
119502.0,MATH153,5,MATH
116137.0,MATH212A,4,MATH
110880.0,MATH213A,4,MATH
123232.0,MATH221,4,MATH
123239.0,MATH223A,4,MATH
123242.0,MATH229X,4,MATH
113369.0,MATH230A,4,MATH
123243.0,MATH231A,4,MATH
123441.0,MATH232A,4,MATH
159621.0,MATH254,5,MATH
159624.0,MATH256,4,MATH
159628.0,MATH276,4,MATH
159626.0,MATH277,4,MATH
159634.0,MATH282,4,MATH
159661.0,MATH289,4,MATH
124821.0,MATH300,5,MATH
121078.0,MATH304,5,MATH
114073.0,MATH308,4,MATH
121353.0,MATH318,5,MATH
125869.0,MATH352,5,MATH
159644.0,MATH357,5,MATH
111210.0,MATH382,4,MATH
118701.0,MATH388,4,MATH
125466.0,MBB90R,4,MBB
124113.0,MBB980A,5,MBB
128214.0,MBB980E,4,MBB
128215.0,MBB980F,5,MBB
160758.0,MBB980L,5,MBB
110424.0,MCB60,4,MCB
110450.0,MCB63,5,MCB
117711.0,MCB80,4,MCB
159708.0,MCB81,4,MCB
122529.0,MCB91,5,MCB
122530.0,MCB99A,4,MCB
160364.0,MCB100,4,MCB
156009.0,MCB101,4,MCB
114789.0,MCB115,5,MCB
124817.0,MCB129,4,MCB
122803.0,MCB142,5,MCB
111720.0,MCB169,4,MCB
112742.0,MCB176,4,MCB
112001.0,MCB186,4,MCB
127009.0,MCB290A,4,MCB
124899.0,MCB291,5,MCB
124900.0,MCB292,5,MCB
124901.0,MCB293,5,MCB
122422.0,MCB294,4,MCB
114226.0,MCB300A,5,MCB
122022.0,MCB301A,4,MCB
125081.0,MCB305A,5,MCB
112326.0,MCB306A,4,MCB
148233.0,MCB307A,4,MCB
144357.0,MCB308A,5,MCB
109450.0,MCB309A,4,MCB
109586.0,MCB310A,4,MCB
118053.0,MCB313A,5,MCB
122423.0,MCB315A,4,MCB
122424.0,MCB316A,5,MCB
120918.0,MCB322A,5,MCB
124233.0,MCB328A,4,MCB
125382.0,MCB331A,5,MCB
125383.0,MCB332A,4,MCB
111398.0,MCB344A,4,MCB
160493.0,MCB354,4,MCB
125754.0,MCB363A,4,MCB
117343.0,MCB366A,4,MCB
120271.0,MCB367A,5,MCB
125755.0,MCB368A,5,MCB
117855.0,MCB374A,5,MCB
127012.0,MCB379A,5,MCB
114819.0,MCB381A,5,MCB
115358.0,MCB396A,4,MCB
160161.0,MEDLATIN107,5,CLAS
120066.0,MED-SCI250AB,4,MDSC
127507.0,MED-SCI300QC,5,MDSC
109073.0,MED-SCI302QC,4,MDSC
109421.0,MED-SCI303,4,MDSC
156846.0,MED-SCI304,4,MDSC
160950.0,MED-SCI315,5,MDSC
118135.0,MEDVLSTD107,4,MDST
123301.0,MEDVLSTD300HFA,5,MDST
156454.0,MICROBI214,4,MDSC
112844.0,MICROBI305,4,MDSC
112851.0,MICROBI308,4,MDSC
114635.0,MICROBI313,4,MDSC
110558.0,MICROBI318,5,MDSC
160765.0,MICROBI319,5,MDSC
120012.0,MICROBI325,4,MDSC
124203.0,MICROBI326,5,MDSC
131596.0,MICROBI328,4,MDSC
120013.0,MICROBI329,5,MDSC
119613.0,MICROBI330,4,MDSC
125575.0,MICROBI332,5,MDSC
160769.0,MICROBI338,5,MDSC
123169.0,MICROBI339,4,MDSC
120184.0,MICROBI343,4,MDSC
122999.0,MICROBI347,4,MDSC
125399.0,MICROBI348,4,MDSC
128186.0,MICROBI350,5,MDSC
128190.0,MICROBI351,5,MDSC
109092.0,MICROBI353,5,MDSC
159840.0,MODGRKAA,4,CLAS
159840.0,MODGRKAA,5,CLAS
160451.0,MODGRKAC,5,CLAS
159842.0,MODGRKBA,5,CLAS
112571.0,MODGRK124,4,CLAS
114218.0,MOD-HEBBA,4,NELC
110947.0,MOD-HEB120A,4,NELC
119630.0,MOD-HEB130A,4,NELC
127670.0,MOD-HEB241R,4,NELC
117327.0,MODMDEST200A,5,NELC
160403.0,MODMDEST315,4,NELC
117090.0,MONGOLN120A,5,EALC
112235.0,MUSICBHFA,4,MUSC
111353.0,MUSIC4,4,MUSC
110112.0,MUSIC10A,4,MUSC
110113.0,MUSIC12A,5,MUSC
110114.0,MUSIC14A,5,MUSC
110115.0,MUSIC15A,5,MUSC
110128.0,MUSIC16A,4,MUSC
125212.0,MUSIC51A,5,MUSC
110629.0,MUSIC91R,4,MUSC
125867.0,MUSIC97B,4,MUSC
110987.0,MUSIC99R,4,MUSC
107426.0,MUSIC105R,5,MUSC
126275.0,MUSIC127R,4,MUSC
138072.0,MUSIC142R,5,MUSC
114188.0,MUSIC150A,4,MUSC
121992.0,MUSIC155,4,MUSC
119811.0,MUSIC160R,5,MUSC
118185.0,MUSIC167,4,MUSC
108419.0,MUSIC181R,5,MUSC
153042.0,MUSIC189R,4,MUSC
156503.0,MUSIC189RS,5,MUSC
110638.0,MUSIC190R,4,MUSC
111726.0,MUSIC191R,4,MUSC
118078.0,MUSIC201B,5,MUSC
111282.0,MUSIC207R,5,MUSC
108992.0,MUSIC208RS,5,MUSC
140824.0,MUSIC214R,5,MUSC
124044.0,MUSIC221R,5,MUSC
110077.0,MUSIC230RS,4,MUSC
125863.0,MUSIC250HFA,5,MUSC
113931.0,MUSIC262R,5,MUSC
111123.0,MUSIC264R,5,MUSC
156122.0,MUSIC266R,4,MUSC
156365.0,MUSIC280R,4,MUSC
160568.0,MUSIC296,5,MUSC
111710.0,MUSIC300,5,MUSC
111710.0,MUSIC300,5,MUSC
111023.0,MUSIC310,4,MUSC
111023.0,MUSIC310,5,MUSC
111023.0,MUSIC310,4,MUSC
111023.0,MUSIC310,4,MUSC
111023.0,MUSIC310,5,MUSC
111023.0,MUSIC310,5,MUSC
111023.0,MUSIC310,5,MUSC
111023.0,MUSIC310,5,MUSC
111023.0,MUSIC310,5,MUSC
110258.0,NEC91R,5,NELC
118983.0,NEC99A,5,NELC
112221.0,NEC390,5,NELC
118665.0,NEP101A,4,SAST
126706.0,NEP104A,5,SAST
122846.0,NEUROBIO91,4,NEURO
113003.0,NEUROBIO101A,5,NEURO
109592.0,NEUROBIO104A,5,NEURO
156051.0,NEUROBIO105A,5,NEURO
159700.0,NEUROBIO106A,4,NEURO
159702.0,NEUROBIO107A,4,NEURO
160750.0,NEUROBIO130,5,NEURO
117726.0,NEUROBIO200,5,MDSC
111276.0,NEUROBIO220,5,MDSC
107755.0,NEUROBIO230,5,MDSC
121804.0,NEUROBIO306,5,MDSC
107877.0,NEUROBIO306QC,4,MDSC
108356.0,NEUROBIO307,5,MDSC
120846.0,NEUROBIO310,4,MDSC
121007.0,NEUROBIO311,5,MDSC
110615.0,NEUROBIO315,5,MDSC
110230.0,NEUROBIO316,4,MDSC
118840.0,NEUROBIO317,5,MDSC
110232.0,NEUROBIO317L,5,MDSC
123216.0,NEUROBIO318,5,MDSC
156718.0,NEUROBIO318L,4,MDSC
112119.0,NEUROBIO319,5,MDSC
110233.0,NEUROBIO319L,4,MDSC
109095.0,NEUROBIO320L,5,MDSC
109096.0,NEUROBIO321L,5,MDSC
114637.0,NEUROBIO322,5,MDSC
118839.0,NEUROBIO323,4,MDSC
111229.0,NEUROBIO325,4,MDSC
116607.0,NEUROBIO327,5,MDSC
109330.0,NEUROBIO327R,5,MDSC
124384.0,NEUROBIO329,4,MDSC
109254.0,NEUROBIO329L,5,MDSC
115975.0,NEUROBIO330,5,MDSC
109256.0,NEUROBIO331L,5,MDSC
109257.0,NEUROBIO332L,5,MDSC
156902.0,NEUROBIO335L,5,MDSC
156926.0,NEUROBIO336L,4,MDSC
116539.0,NEUROBIO338,5,MDSC
108355.0,NEUROBIO348,4,MDSC
146731.0,NEUROBIO350,4,MDSC
107746.0,NEUROBIO355,4,MDSC
144968.0,NEUROBIO356,4,MDSC
123610.0,NEUROBIO357,4,MDSC
126396.0,NEUROBIO359,5,MDSC
113770.0,NEUROBIO367,5,MDSC
112850.0,NEUROBIO375,4,MDSC
115462.0,NEUROBIO376,5,MDSC
123148.0,NEUROBIO378,4,MDSC
116029.0,NEUROBIO386,5,MDSC
117279.0,NEUROBIO390,4,MDSC
117281.0,NEUROBIO392,5,MDSC
117282.0,NEUROBIO393,5,MDSC
125468.0,NEUROBIO395,4,MDSC
124248.0,NEUROBIO396,4,MDSC
118842.0,NEUROBIO398,4,MDSC
123143.0,NEUROBIO399,4,MDSC
144594.0,OEB10,5,BIOE
130236.0,OEB50,4,BIOE
143445.0,OEB59,4,BIOE
144581.0,OEB99R,4,BIOE
156751.0,OEB101,5,BIOE
145407.0,OEB105,5,BIOE
148122.0,OEB106,5,BIOE
131242.0,OEB107,4,BIOE
142192.0,OEB114,4,BIOE
145140.0,OEB119,4,BIOE
142688.0,OEB155R,4,BIOE
142844.0,OEB181,5,BIOE
130327.0,OEB210,5,BIOE
131261.0,OEB212R,5,BIOE
160459.0,OEB217,4,BIOE
131583.0,OEB252,4,BIOE
131537.0,OEB303,4,BIOE
141338.0,OEB304,5,BIOE
133893.0,OEB305,4,BIOE
146785.0,OEB307,4,BIOE
142234.0,OEB308,5,BIOE
156737.0,OEB309,4,BIOE
148072.0,OEB310,5,BIOE
143020.0,OEB311,5,BIOE
131538.0,OEB320,5,BIOE
144847.0,OEB323,5,BIOE
131405.0,OEB324,4,BIOE
140929.0,OEB325,5,BIOE
144912.0,OEB334,5,BIOE
142435.0,OEB339,4,BIOE
131524.0,OEB341,5,BIOE
131235.0,OEB343,5,BIOE
141168.0,OEB345,4,BIOE
146798.0,OEB355,4,BIOE
143495.0,OEB361,5,BIOE
148190.0,OEB362,5,BIOE
148213.0,OEB363,4,BIOE
144166.0,OEB364,4,BIOE
144580.0,OEB367,4,BIOE
145004.0,OEB369,4,BIOE
145035.0,OEB370,5,BIOE
148304.0,OEB371,4,BIOE
145451.0,OEB372,5,BIOE
146222.0,OEB375,5,BIOE
146223.0,OEB378,5,BIOE
130822.0,OEB380,4,BIOE
146224.0,OEB385,4,BIOE
148330.0,OEB386,5,BIOE
159947.0,OEB387,5,BIOE
148242.0,OEB399,4,BIOE
123051.0,PERSIANAA,5,NELC
111324.0,PERSIANBA,5,NELC
109546.0,PERSIAN130AR,4,NELC
159759.0,PERSIAN155,4,NELC
159760.0,PERSIAN251,5,NELC
111175.0,PHIL3,4,PHIL
156555.0,PHIL13,5,PHIL
159749.0,PHIL21,5,PHIL
109600.0,PHIL34,5,PHIL
110932.0,PHIL91R,4,PHIL
122989.0,PHIL97,4,PHIL
116407.0,PHIL98,5,PHIL
116407.0,PHIL98,4,PHIL
113888.0,PHIL99,4,PHIL
159685.0,PHIL105,4,PHIL
156749.0,PHIL137,4,PHIL
111424.0,PHIL140,5,PHIL
113339.0,PHIL156,4,PHIL
159744.0,PHIL174A,5,PHIL
124577.0,PHIL179,5,PHIL
159689.0,PHIL187A,5,PHIL
159688.0,PHIL192,4,PHIL
156127.0,PHIL243,4,PHIL
159686.0,PHIL247A,4,PHIL
113481.0,PHIL277,5,PHIL
122956.0,PHIL299HFA,5,PHIL
116505.0,PHIL300AA,5,PHIL
109294.0,PHIL303,4,PHIL
113934.0,PHIL305,5,PHIL
113934.0,PHIL305,4,PHIL
115778.0,PHIL311,4,PHIL
118757.0,PHIL312,4,PHIL
125184.0,PHIL315HFA,5,PHIL
159746.0,PHIL320F,4,PHIL
111147.0,PHIL333,5,PHIL
111147.0,PHIL333,5,PHIL
111147.0,PHIL333,5,PHIL
111147.0,PHIL333,4,PHIL
111147.0,PHIL333,5,PHIL
111147.0,PHIL333,4,PHIL
111147.0,PHIL333,5,PHIL
111147.0,PHIL333,4,PHIL
111147.0,PHIL333,4,PHIL
111147.0,PHIL333,4,PHIL
112838.0,PHIL399,5,PHIL
112838.0,PHIL399,4,PHIL
112838.0,PHIL399,5,PHIL
112838.0,PHIL399,4,PHIL
112838.0,PHIL399,4,PHIL
112838.0,PHIL399,4,PHIL
112838.0,PHIL399,5,PHIL
112838.0,PHIL399,5,PHIL
112838.0,PHIL399,4,PHIL
112838.0,PHIL399,4,PHIL
112838.0,PHIL399,4,PHIL
122575.0,PHYSCI2,5,PSCI
107367.0,PHYSCI10,4,CHEM
109457.0,PHYSCI12B,5,PHYS
111164.0,PHYSICS15A,4,PHYS
111896.0,PHYSICS15B,5,PHYS
124154.0,PHYSICS15C,4,PHYS
111197.0,PHYSICS16,5,PHYS
111672.0,PHYSICS90R,5,PHYS
110569.0,PHYSICS91R,4,PHYS
111967.0,PHYSICS95,4,PHYS
124108.0,PHYSICS123,5,PHYS
120167.0,PHYSICS125,4,PHYS
121885.0,PHYSICS141,4,PHYS
108465.0,PHYSICS143A,5,PHYS
111731.0,PHYSICS143B,4,PHYS
117719.0,PHYSICS145,5,PHYS
111231.0,PHYSICS151,5,PHYS
121993.0,PHYSICS191R,5,PHYS
112107.0,PHYSICS195,4,PHYS
114266.0,PHYSICS210,5,PHYS
109346.0,PHYSICS223,4,PHYS
111314.0,PHYSICS251A,4,PHYS
122930.0,PHYSICS253A,4,PHYS
118459.0,PHYSICS253CR,4,PHYS
110526.0,PHYSICS262,4,PHYS
122818.0,PHYSICS268AR,5,PHYS
118509.0,PHYSICS285B,5,PHYS
160571.0,PHYSICS287C,5,PHYS
110965.0,PHYSICS301A,5,PHYS
110966.0,PHYSICS301B,4,PHYS
118884.0,PHYSICS303A,4,PHYS
110256.0,PHYSICS304A,5,PHYS
110257.0,PHYSICS304B,4,PHYS
122762.0,PHYSICS305A,5,PHYS
114009.0,PHYSICS309A,5,PHYS
148189.0,PHYSICS311A,5,PHYS
143819.0,PHYSICS311B,4,PHYS
122839.0,PHYSICS313A,5,PHYS
122840.0,PHYSICS313B,4,PHYS
121332.0,PHYSICS315A,5,PHYS
145282.0,PHYSICS315B,4,PHYS
119763.0,PHYSICS317A,4,PHYS
113986.0,PHYSICS319A,5,PHYS
112282.0,PHYSICS321A,5,PHYS
112283.0,PHYSICS321B,5,PHYS
117548.0,PHYSICS327A,4,PHYS
118814.0,PHYSICS327B,5,PHYS
125321.0,PHYSICS331B,4,PHYS
114835.0,PHYSICS337B,4,PHYS
120869.0,PHYSICS339A,5,PHYS
120868.0,PHYSICS339B,4,PHYS
111169.0,PHYSICS341A,4,PHYS
118950.0,PHYSICS341B,4,PHYS
119052.0,PHYSICS343B,5,PHYS
115495.0,PHYSICS347A,5,PHYS
115525.0,PHYSICS347B,4,PHYS
125315.0,PHYSICS349A,5,PHYS
125316.0,PHYSICS349B,5,PHYS
120872.0,PHYSICS351A,4,PHYS
125789.0,PHYSICS353B,4,PHYS
115527.0,PHYSICS359B,5,PHYS
112091.0,PHYSICS363A,4,PHYS
112092.0,PHYSICS363B,4,PHYS
118633.0,PHYSICS371B,5,PHYS
144344.0,PHYSICS379A,4,PHYS
148230.0,PHYSICS379B,4,PHYS
113887.0,PHYSICS383B,4,PHYS
116745.0,PHYSICS387A,5,PHYS
116755.0,PHYSICS387B,4,PHYS
116429.0,PHYSICS389B,5,PHYS
120134.0,PHYSICS391A,4,PHYS
109288.0,PHYSICS395B,5,PHYS
121228.0,PHYSICS397A,4,PHYS
121229.0,PHYSICS397B,4,PHYS
160981.0,PHYSICS399A,4,PHYS
123076.0,PLSHAA,4,SLAV
124971.0,PLSHBA,5,SLAV
109342.0,PLSHCR,5,SLAV
120398.0,PORTUGAA,4,ROML
120398.0,PORTUGAA,5,ROML
120398.0,PORTUGAA,4,ROML
113806.0,PORTUGAC,5,ROML
113806.0,PORTUGAC,4,ROML
113806.0,PORTUGAC,4,ROML
113806.0,PORTUGAC,4,ROML
121934.0,PORTUGC,5,ROML
114944.0,PORTUG30,4,ROML
124524.0,PORTUG40,4,ROML
128254.0,PORTUG145,5,ROML
110086.0,PORTUG220,4,ROML
126551.0,PSY14,5,PSYC
123973.0,PSY18,5,PSYC
110768.0,PSY910R,4,PSYC
113094.0,PSY971,4,PSYC
122315.0,PSY975,4,PSYC
107432.0,PSY980F,5,PSYC
156039.0,PSY980H,5,PSYC
110110.0,PSY980P,4,PSYC
156563.0,PSY980U,4,PSYC
119716.0,PSY980V,4,PSYC
111429.0,PSY985,5,PSYC
113187.0,PSY990A,4,PSYC
114800.0,PSY992A,4,PSYC
122316.0,PSY993A,5,PSYC
126556.0,PSY1005,5,PSYC
126620.0,PSY1052,5,PSYC
126620.0,PSY1052,5,PSYC
160695.0,PSY1055,5,PSYC
122224.0,PSY1201,4,PSYC
116622.0,PSY1304,5,PSYC
156054.0,PSY1305,5,PSYC
110064.0,PSY1355,4,PSYC
156580.0,PSY1504,4,PSYC
160683.0,PSY1506,5,PSYC
156639.0,PSY1553,4,PSYC
126848.0,PSY1555,5,PSYC
127489.0,PSY1556R,4,PSYC
160690.0,PSY1562,4,PSYC
117880.0,PSY1652R,5,PSYC
119243.0,PSY1655R,5,PSYC
110203.0,PSY1852,4,PSYC
116095.0,PSY1861,5,PSYC
118254.0,PSY1900,5,PSYC
127078.0,PSY1901,5,PSYC
121738.0,PSY1950,4,PSYC
118790.0,PSY2010,4,PSYC
125976.0,PSY2150R,4,PSYC
160731.0,PSY2152,4,PSYC
108491.0,PSY2160R,5,PSYC
112226.0,PSY2335R,5,PSYC
122871.0,PSY2352R,4,PSYC
123319.0,PSY2354R,5,PSYC
109597.0,PSY2355R,5,PSYC
125323.0,PSY2356R,5,PSYC
109858.0,PSY2357R,4,PSYC
110714.0,PSY2358R,4,PSYC
160983.0,PSY2359R,5,PSYC
107706.0,PSY2410R,4,PSYC
119217.0,PSY2430,4,PSYC
123042.0,PSY2446R,4,PSYC
119124.0,PSY2461R,5,PSYC
124970.0,PSY2464R,4,PSYC
128307.0,PSY2475R,4,PSYC
115578.0,PSY2500,4,PSYC
120559.0,PSY2553R,4,PSYC
156623.0,PSY2560R,4,PSYC
122753.0,PSY2570R,4,PSYC
113780.0,PSY2580R,5,PSYC
156624.0,PSY2620R,4,PSYC
116417.0,PSY2640R,5,PSYC
115060.0,PSY2650,4,PSYC
108989.0,PSY2652,4,PSYC
114362.0,PSY2660R,4,PSYC
110217.0,PSY2661R,4,PSYC
131189.0,PSY2670A,5,PSYC
122605.0,PSY3010,5,PSYC
122605.0,PSY3010,5,PSYC
122605.0,PSY3010,4,PSYC
122605.0,PSY3010,4,PSYC
122605.0,PSY3010,5,PSYC
122605.0,PSY3010,4,PSYC
122605.0,PSY3010,4,PSYC
122605.0,PSY3010,5,PSYC
122605.0,PSY3010,5,PSYC
122605.0,PSY3010,5,PSYC
122605.0,PSY3010,4,PSYC
113960.0,PSY3020,5,PSYC
113960.0,PSY3020,5,PSYC
113960.0,PSY3020,5,PSYC
113960.0,PSY3020,4,PSYC
113960.0,PSY3020,5,PSYC
113960.0,PSY3020,5,PSYC
113960.0,PSY3020,4,PSYC
113960.0,PSY3020,4,PSYC
113960.0,PSY3020,5,PSYC
113960.0,PSY3020,5,PSYC
113960.0,PSY3020,4,PSYC
113960.0,PSY3020,5,PSYC
113960.0,PSY3020,5,PSYC
113960.0,PSY3020,4,PSYC
113960.0,PSY3020,5,PSYC
113960.0,PSY3020,5,PSYC
113960.0,PSY3020,4,PSYC
115467.0,PSY3050,5,PSYC
118948.0,PSY3200,4,PSYC
115575.0,PSY3220,4,PSYC
124241.0,PSY3240,4,PSYC
119237.0,PSY3260,5,PSYC
118052.0,PSY3270,5,PSYC
115582.0,PSY3340,4,PSYC
143094.0,PSY3360,4,PSYC
121696.0,PSY3420,4,PSYC
123926.0,PSY3550,4,PSYC
119532.0,PSY3555,4,PSYC
118008.0,PSY3800,5,PSYC
159690.0,RELIGION49,5,RELG
159755.0,RELIGION51,4,RELG
159758.0,RELIGION58,4,RELG
159733.0,RELIGION74,5,RELG
111985.0,RELIGION98A,5,RELG
118745.0,RELIGION99A,4,RELG
160969.0,RELIGION111,4,RELG
115684.0,RELIGION112A,5,RELG
159784.0,RELIGION441,5,RELG
159691.0,RELIGION1021,5,RELG
126792.0,RELIGION1040,5,RELG
156079.0,RELIGION1080,4,RELG
125000.0,RELIGION1401,5,RELG
108182.0,RELIGION1425,5,RELG
156521.0,RELIGION1444,4,RELG
156258.0,RELIGION1462,5,RELG
117871.0,RELIGION1520,5,RELG
109865.0,RELIGION1543,4,RELG
109863.0,RELIGION1551,5,RELG
156296.0,RELIGION1590,4,RELG
109864.0,RELIGION1844,5,RELG
109924.0,RELIGION1915,5,RELG
109925.0,RELIGION1920,4,RELG
118557.0,RELIGION2001,5,RELG
155998.0,RELIGION2471,5,RELG
156032.0,RELIGION2574,5,RELG
111117.0,RELIGION3000,4,RELG
111117.0,RELIGION3000,4,RELG
111117.0,RELIGION3000,5,RELG
111117.0,RELIGION3000,5,RELG
111117.0,RELIGION3000,4,RELG
111117.0,RELIGION3000,4,RELG
111117.0,RELIGION3000,4,RELG
111117.0,RELIGION3000,5,RELG
111117.0,RELIGION3000,5,RELG
111117.0,RELIGION3000,4,RELG
122822.0,RELIGION3001,4,RELG
122822.0,RELIGION3001,4,RELG
122822.0,RELIGION3001,4,RELG
122822.0,RELIGION3001,5,RELG
122822.0,RELIGION3001,5,RELG
122822.0,RELIGION3001,5,RELG
143084.0,RELIGION3420,4,RELG
125389.0,RELIGION3425,4,RELG
118565.0,RELIGION3505A,4,RELG
114942.0,ROM-STD98,4,ROML
108727.0,ROM-STD101,4,ROML
118221.0,ROM-STD201,5,ROML
114050.0,RSEA300,5,RSEA
114050.0,RSEA300,4,RSEA
114050.0,RSEA300,4,RSEA
114050.0,RSEA300,4,RSEA
114050.0,RSEA300,5,RSEA
114050.0,RSEA300,5,RSEA
114050.0,RSEA300,5,RSEA
114050.0,RSEA300,5,RSEA
114050.0,RSEA300,4,RSEA
114050.0,RSEA300,5,RSEA
114050.0,RSEA300,4,RSEA
114050.0,RSEA300,5,RSEA
114050.0,RSEA300,4,RSEA
114050.0,RSEA300,4,RSEA
108816.0,RSRA298A,4,REECA
108818.0,RSRA299A,5,REECA
122907.0,RUSSAA,4,SLAV
122907.0,RUSSAA,4,SLAV
122907.0,RUSSAA,5,SLAV
113925.0,RUSSAAB,5,SLAV
114640.0,RUSSAH,4,SLAV
109273.0,RUSSATA,5,SLAV
112823.0,RUSSBA,4,SLAV
112823.0,RUSSBA,5,SLAV
120717.0,RUSS101,5,SLAV
112835.0,RUSS102R,5,SLAV
110859.0,RUSS111,4,SLAV
127533.0,RUSS113,4,SLAV
120380.0,RUSS120R,5,SLAV
116311.0,SANSKRIT91R,5,SAST
123045.0,SANSKRIT101A,4,SAST
114270.0,SANSKRIT102AR,5,SAST
117524.0,SANSKRIT201AR,4,SAST
113870.0,SANSKRIT310,5,SAST
107381.0,SAS99RA,4,SAST
107378.0,SAS100R,4,SAST
107378.0,SAS100R,4,SAST
107378.0,SAS100R,5,SAST
160720.0,SAS130,4,SAST
160761.0,SAS179,5,SAST
156558.0,SAS193,4,SAST
160722.0,SAS230,4,SAST
126651.0,SCAND90R,5,GERM
126647.0,SCAND90R.A,5,GERM
126647.0,SCAND90R.A,5,GERM
126647.0,SCAND90R.A,4,GERM
126649.0,SCAND90R.B,5,GERM
126650.0,SCAND90R.C,4,GERM
121036.0,SCAND91R,4,GERM
118050.0,SCAND160A,4,GERM
126213.0,SCILIVSY20,5,GENED
160737.0,SCILIVSY20S,4,GENED
126635.0,SCILIVSY22,5,GENED
110382.0,SCILIVSY26,5,GENED
118517.0,SCIPHUNV14,5,GENED
121960.0,SCIPHUNV18,4,GENED
126148.0,SCIPHUNV20,4,GENED
114190.0,SCIPHUNV21,4,GENED
126638.0,SCIPHUNV27,5,GENED
126633.0,SCIPHUNV29,4,GENED
125800.0,SCRB10,5,SCRB
125804.0,SCRB91R,5,SCRB
125805.0,SCRB99A,4,SCRB
128040.0,SCRB130,4,SCRB
156937.0,SCRB152,4,SCRB
128041.0,SCRB175,5,SCRB
125803.0,SCRB180,4,SCRB
159693.0,SCRB182,4,SCRB
125185.0,SCRB190,5,SCRB
109112.0,SCRB192,4,SCRB
114092.0,SCRB220,5,SCRB
156679.0,SCRB230,5,SCRB
148232.0,SCRB302,5,SCRB
126489.0,SCRB399,5,SCRB
127648.0,SEMPHIL151,5,NELC
108212.0,SHBT200,4,MDSC
108213.0,SHBT201,5,MDSC
111258.0,SHBT206,4,MDSC
109006.0,SHBT300,4,MDSC
109015.0,SHBT301QC,4,MDSC
109013.0,SHBT310,4,MDSC
110390.0,SHBT311,4,MDSC
160966.0,SHBT313,4,MDSC
110387.0,SHBT330,4,MDSC
109014.0,SHBT333R,4,MDSC
111900.0,SLAVIC91R,5,SLAV
110924.0,SLAVIC98A,5,SLAV
123163.0,SLAVIC99A,4,SLAV
119711.0,SLAVIC155,5,SLAV
110039.0,SLAVIC158,5,SLAV
156680.0,SLAVIC167,4,SLAV
160740.0,SLAVIC187,5,SLAV
160013.0,SLAVIC198,5,SLAV
159557.0,SLAVIC241,5,SLAV
122854.0,SLAVIC299,5,SLAV
113947.0,SLAVIC300,5,SLAV
159779.0,SOCIOL23,4,SOCL
113256.0,SOCIOL25,4,SOCL
160534.0,SOCIOL92R,5,SOCL
115130.0,SOCIOL97,5,SOCL
109842.0,SOCIOL98GC,5,SOCL
160224.0,SOCIOL98TA,5,SOCL
126244.0,SOCIOL98WB,5,SOCL
117946.0,SOCIOL99A,5,SOCL
109705.0,SOCIOL115,4,SOCL
117560.0,SOCIOL128,5,SOCL
159926.0,SOCIOL133,5,SOCL
156140.0,SOCIOL139,4,SOCL
159901.0,SOCIOL146,5,SOCL
122318.0,SOCIOL165,4,SOCL
108274.0,SOCIOL170,5,SOCL
156139.0,SOCIOL177,4,SOCL
119985.0,SOCIOL202,4,SOCL
112874.0,SOCIOL203,5,SOCL
117877.0,SOCIOL204,4,SOCL
117760.0,SOCIOL208,4,SOCL
118601.0,SOCIOL243,4,SOCL
118858.0,SOCIOL255,4,SOCL
107332.0,SOCIOL263,4,SOCL
113583.0,SOCIOL301,4,SOCL
113583.0,SOCIOL301,5,SOCL
114925.0,SOCIOL302,5,SOCL
114991.0,SOCIOL303,5,SOCL
120084.0,SOCIOL304,5,SOCL
111781.0,SOCIOL305,4,SOCL
121013.0,SOCIOL308,4,SOCL
122332.0,SOCIOL309,4,SOCL
108137.0,SOCIOL310,4,SOCL
126400.0,SOCIOL314,5,SOCL
126529.0,SOCIOL315,4,SOCL
128274.0,SOCIOL317,5,SOCL
109750.0,SOCIOL318,4,SOCL
156057.0,SOCIOL319,5,SOCL
115470.0,SOC-STD10A,4,SOST
159822.0,SOC-STD68AB,4,SOST
159823.0,SOC-STD68EC,5,SOST
116288.0,SOC-STD98EO,5,SOST
123874.0,SOC-STD98JL,5,SOST
125982.0,SOC-STD98LF,4,SOST
125984.0,SOC-STD98LH,4,SOST
127021.0,SOC-STD98MI,4,SOST
156333.0,SOC-STD98NA,4,SOST
127817.0,SOC-STD98NB,4,SOST
159815.0,SOC-STD98OK,5,SOST
159816.0,SOC-STD98OQ,5,SOST
159817.0,SOC-STD98OR,5,SOST
159818.0,SOC-STD98OS,5,SOST
159819.0,SOC-STD98OT,5,SOST
121510.0,SOC-STD99A,5,SOST
142451.0,SOCWORLD12,5,GENED
125049.0,SOCWORLD14,4,GENED
124127.0,SOCWORLD25,5,GENED
112754.0,SOCWORLD30,4,GENED
117529.0,SOCWORLD33,4,GENED
118290.0,SOCWORLD34,4,GENED
113789.0,SOCWORLD41,5,GENED
126705.0,SOCWORLD42,5,GENED
107464.0,SOCWORLD47,4,GENED
126908.0,SOCWORLD54,5,GENED
124982.0,SPANSHAA,5,ROML
124982.0,SPANSHAA,5,ROML
124982.0,SPANSHAA,4,ROML
124982.0,SPANSHAA,5,ROML
124982.0,SPANSHAA,4,ROML
125058.0,SPANSHAB,4,ROML
125058.0,SPANSHAB,5,ROML
125058.0,SPANSHAB,4,ROML
125058.0,SPANSHAB,5,ROML
116469.0,SPANSHACD,4,ROML
125011.0,SPANSHC,5,ROML
125011.0,SPANSHC,5,ROML
125011.0,SPANSHC,5,ROML
125011.0,SPANSHC,5,ROML
114200.0,SPANSH30,5,ROML
114200.0,SPANSH30,5,ROML
114200.0,SPANSH30,4,ROML
114200.0,SPANSH30,4,ROML
125014.0,SPANSH40,4,ROML
125014.0,SPANSH40,4,ROML
125014.0,SPANSH40,5,ROML
109820.0,SPANSH49H,4,ROML
115920.0,SPANSH50,5,ROML
115920.0,SPANSH50,4,ROML
115920.0,SPANSH50,5,ROML
115919.0,SPANSH59,5,ROML
127573.0,SPANSH61N,5,ROML
127573.0,SPANSH61N,5,ROML
119441.0,SPANSH70C,5,ROML
138725.0,SPANSH71A,4,ROML
126860.0,SPANSH80T,4,ROML
126952.0,SPANSH90N,4,ROML
125060.0,SPANSH110,4,ROML
160619.0,SPANSH160,5,ROML
160620.0,SPANSH245,4,ROML
160621.0,SPANSH264,4,ROML
126184.0,SPANSH285CR,5,ROML
143013.0,SPANSH320,4,ROML
143013.0,SPANSH320,4,ROML
143013.0,SPANSH320,5,ROML
111278.0,SPANSH330,5,ROML
111278.0,SPANSH330,4,ROML
111278.0,SPANSH330,4,ROML
119002.0,STAT91R,5,STAT
113878.0,STAT99A,5,STAT
113431.0,STAT100,4,STAT
114027.0,STAT104,5,STAT
127043.0,STAT107,4,STAT
110766.0,STAT110,5,STAT
110095.0,STAT121,4,STAT
117131.0,STAT131,5,STAT
121306.0,STAT135,5,STAT
110751.0,STAT139,4,STAT
160736.0,STAT151,4,STAT
112121.0,STAT160,5,STAT
111696.0,STAT210,5,STAT
159802.0,STAT213,5,STAT
118016.0,STAT220,4,STAT
119940.0,STAT230,4,STAT
123714.0,STAT240,4,STAT
126393.0,STAT260,4,STAT
110392.0,STAT300HFRA,4,STAT
113943.0,STAT301,4,STAT
113943.0,STAT301,5,STAT
121311.0,STAT303HFA,4,STAT
120000.0,STAT310HFRA,5,STAT
108851.0,STAT366HFRA,5,STAT
127521.0,STAT392HFA,4,STAT
119819.0,SWAHILIAA,5,AAAS
144184.0,SWAHILIBA,4,AAAS
119820.0,SWAHILI101AR,4,AAAS
121412.0,SWEDISHAA,4,GERM
112472.0,SWEDISHBA,4,GERM
116238.0,SYSTBIO200,4,SBIO
127916.0,SYSTBIO204,5,SBIO
108839.0,SYSTBIO212,5,SBIO
120829.0,SYSTBIO300HFA,4,SBIO
128032.0,SYSTBIO303QC,5,SBIO
121507.0,SYSTBIO350,5,SBIO
121507.0,SYSTBIO350,4,SBIO
121507.0,SYSTBIO350,5,SBIO
121507.0,SYSTBIO350,5,SBIO
121507.0,SYSTBIO350,5,SBIO
121507.0,SYSTBIO350,5,SBIO
121507.0,SYSTBIO350,4,SBIO
121507.0,SYSTBIO350,5,SBIO
121507.0,SYSTBIO350,5,SBIO
121507.0,SYSTBIO350,5,SBIO
121507.0,SYSTBIO350,4,SBIO
121507.0,SYSTBIO350,5,SBIO
121507.0,SYSTBIO350,5,SBIO
121507.0,SYSTBIO350,4,SBIO
121507.0,SYSTBIO350,4,SBIO
121507.0,SYSTBIO350,5,SBIO
121507.0,SYSTBIO350,4,SBIO
121507.0,SYSTBIO350,4,SBIO
121507.0,SYSTBIO350,5,SBIO
121507.0,SYSTBIO350,4,SBIO
121507.0,SYSTBIO350,5,SBIO
121507.0,SYSTBIO350,5,SBIO
121507.0,SYSTBIO350,4,SBIO
121507.0,SYSTBIO350,5,SBIO
121507.0,SYSTBIO350,4,SBIO
121507.0,SYSTBIO350,5,SBIO
121452.0,SYSTBIO399,4,SBIO
127491.0,TAM101A,5,SAST
127493.0,TAM102A,4,SAST
160980.0,TDM91R,4,DRAM
160647.0,TDM98,4,DRAM
118876.0,TDM105,4,DRAM
123901.0,TDM114,5,DRAM
119020.0,TDM115,5,DRAM
117460.0,TDM116,4,DRAM
118497.0,TDM119,4,DRAM
160649.0,TDM129DA,4,DRAM
159989.0,TDM129DB,5,DRAM
123080.0,TDM130R,5,DRAM
110319.0,TDM150,4,DRAM
160650.0,TDM169DA,5,DRAM
107892.0,THI101A,4,SAST
124031.0,THI102A,5,SAST
121497.0,THI103AR,4,SAST
118666.0,TIBET91R,4,SAST
113685.0,TIBET101A,4,SAST
116075.0,TIBET102A,4,SAST
113705.0,TIBET104AR,5,SAST
110640.0,TIBET105AR,4,SAST
116077.0,TIBET106AR,5,SAST
125167.0,TIBET203,4,SAST
160976.0,TIBET204,4,SAST
120037.0,TIBET302,5,SAST
149450.0,TIME-A1,4,NODEPT
149452.0,TIME-C1,5,NODEPT
149447.0,TIME-R1,4,NODEPT
149449.0,TIME-T1,4,NODEPT
113576.0,TURKISH120A,5,NELC
126430.0,TURKISH150A,4,NELC
121963.0,TURKISH300,5,NELC
120944.0,TWIAA,4,AAAS
120947.0,TWIBA,4,AAAS
120948.0,TWI101AR,5,AAAS
116414.0,UKRAAA,4,SLAV
161178.0,UKRAAR,4,SLAV
110008.0,UKRABR,4,SLAV
110599.0,UKRACR,4,SLAV
122320.0,US-WORLD24,5,GENED
107341.0,US-WORLD35,5,GENED
107712.0,US-WORLD36,4,GENED
108359.0,US-WORLD38,4,GENED
109544.0,US-WORLD39,4,GENED
124106.0,UYGHURA,4,EALC
159761.0,VES11A,5,VES
121758.0,VES15AR,5,VES
128275.0,VES19,5,VES
127177.0,VES24,5,VES
160208.0,VES33,5,VES
160210.0,VES35,4,VES
111189.0,VES40A,4,VES
122184.0,VES41A,5,VES
122193.0,VES41BR,5,VES
114351.0,VES50A,5,VES
108859.0,VES52R,5,VES
110676.0,VES53AR,4,VES
127469.0,VES60X,5,VES
159777.0,VES67R,5,VES
118669.0,VES72,4,VES
117631.0,VES73,5,VES
123380.0,VES80,4,VES
117193.0,VES91R,4,VES
119636.0,VES96R,4,VES
117196.0,VES99A,4,VES
122679.0,VES107,4,VES
108657.0,VES108,4,VES
114116.0,VES150A,4,VES
113447.0,VES151BR,5,VES
122248.0,VES153BR,5,VES
110043.0,VES158BR,4,VES
160185.0,VES164,4,VES
117143.0,VES166,5,VES
160232.0,VES196H,4,VES
156522.0,VES198,4,VES
110046.0,VES241,4,VES
122080.0,VES271,4,VES
124316.0,VES320,5,VES
127539.0,VES351HFA,5,VES
116266.0,VIETNAMBA,5,EALC
116268.0,VIETNAM120A,5,EALC
116271.0,VIETNAM130A,5,EALC
116413.0,VIROLOGY200,4,MDSC
117649.0,VIROLOGY202,5,MDSC
115484.0,VIROLOGY300R,4,MDSC
121197.0,VIROLOGY301,4,MDSC
117886.0,VIROLOGY305,5,MDSC
112128.0,VIROLOGY308,5,MDSC
111328.0,VIROLOGY310,5,MDSC
143399.0,VIROLOGY314,4,MDSC
110488.0,VIROLOGY324,4,MDSC
112807.0,VIROLOGY329,5,MDSC
118844.0,VIROLOGY333,5,MDSC
125283.0,VIROLOGY336,5,MDSC
115350.0,VIROLOGY347,5,MDSC
123149.0,VIROLOGY348,5,MDSC
160979.0,VIROLOGY353,4,MDSC
113699.0,WELSH128,5,CELT
111956.0,WELSH226R,5,CELT
117918.0,WOMGEN91R,4,WMGS
117918.0,WOMGEN91R,5,WMGS
109933.0,WOMGEN98F,4,WMGS
108482.0,WOMGEN1200SH,4,WMGS
159884.0,WOMGEN1218,5,WMGS
159887.0,WOMGEN1225,4,WMGS
109800.0,WOMGEN1237,4,WMGS
156157.0,WOMGEN1253,4,WMGS
127756.0,WOMGEN1258,4,WMGS
156221.0,WOMGEN1271,4,WMGS
108549.0,WOMGEN1424,4,WMGS
161181.0,XBRNAMST22,5,NODEPT
161180.0,XBRNEGYT1,4,NODEPT
144701.0,XBUS1130,4,NODEPT
161071.0,XBUS1151,5,NODEPT
142605.0,XBUS1230,4,NODEPT
143308.0,XBUS1556,5,NODEPT
161145.0,XBUS1595,4,NODEPT
143700.0,XBUS1760,4,NODEPT
144312.0,XBUS2105,5,NODEPT
130362.0,XBUS2107,5,HSS
146364.0,XBUS2240,5,NODEPT
161127.0,XBUS4420,5,NODEPT
161129.0,XBUS4427,5,NODEPT
161132.0,XBUS4431,5,NODEPT
145301.0,XBUS4630,4,NODEPT
145994.0,XBUS4809,4,NODEPT
144739.0,XBUS4810,5,NODEPT
146372.0,XBUS4882,4,NODEPT
146666.0,XBUS4909,4,NODEPT
161130.0,XBUS6348,4,NODEPT
161142.0,XBUS8001,4,NODEPT
152529.0,XDESADV095,5,NODEPT
152591.0,XDESADV950,4,NODEPT
161137.0,XDESDES340,5,NODEPT
161034.0,XDESHIS041,4,NODEPT
161036.0,XDESHIS042,5,NODEPT
161037.0,XDESHIS043,5,NODEPT
152609.0,XDESHIS412,5,NODEPT
161042.0,XDESHIS434,5,NODEPT
152611.0,XDESHIS440,4,NODEPT
152613.0,XDESHIS449,5,NODEPT
161063.0,XDESPRO742,4,NODEPT
161040.0,XDESSCI064,4,NODEPT
152614.0,XDESSCI647,5,NODEPT
152547.0,XDESSES05,4,NODEPT
152566.0,XDESSES05,4,NODEPT
161030.0,XDESSES05,5,NODEPT
161039.0,XDESSES052,5,NODEPT
161029.0,XDESSES053,5,NODEPT
161028.0,XDESSES054,5,NODEPT
161066.0,XDESSES540,5,NODEPT
161020.0,XEDUA024,5,NODEPT
160996.0,XEDUA029,5,NODEPT
145113.0,XEDUA-107,5,NODEPT
130719.0,XEDUA121,4,NODEPT
130720.0,XEDUA123,4,NODEPT
160094.0,XEDUA162,5,NODEPT
160998.0,XEDUA205,4,NODEPT
160999.0,XEDUA222,4,NODEPT
161000.0,XEDUA317,5,NODEPT
161021.0,XEDUA335,5,NODEPT
161001.0,XEDUA397,4,NODEPT
161022.0,XEDUA412,4,NODEPT
161003.0,XEDUA780,5,NODEPT
146324.0,XEDUA801,4,NODEPT
130722.0,XEDUAH125,4,NODEPT
161035.0,XEDUH107,4,NODEPT
161008.0,XEDUH126,5,NODEPT
161009.0,XEDUH140,4,NODEPT
161038.0,XEDUH206,4,NODEPT
130723.0,XEDUH250,4,NODEPT
130725.0,XEDUH382,5,NODEPT
130828.0,XEDUH517,5,NODEPT
161047.0,XEDUH607,4,NODEPT
161048.0,XEDUH700,4,NODEPT
161049.0,XEDUH803,4,NODEPT
161011.0,XEDUH811G,4,NODEPT
130830.0,XEDUH813,5,NODEPT
161012.0,XEDUS005,5,NODEPT
130728.0,XEDUS040,5,NODEPT
161013.0,XEDUS043,4,NODEPT
130729.0,XEDUS061A1,5,NODEPT
130730.0,XEDUS061A2,5,NODEPT
156775.0,XEDUS063,4,NODEPT
130731.0,XEDUS105,5,NODEPT
161014.0,XEDUS123,5,NODEPT
161015.0,XEDUS504,5,NODEPT
161041.0,XEDUS553,4,NODEPT
161043.0,XEDUS800,4,NODEPT
161044.0,XEDUS810C,4,NODEPT
161045.0,XEDUS810E,4,NODEPT
161046.0,XEDUS810H,4,NODEPT
160096.0,XEDUS997,4,NODEPT
161069.0,XEDUT010X,4,NODEPT
161070.0,XEDUT211F,5,NODEPT
130734.0,XEDUT212,5,NODEPT
152934.0,XEDUT213,4,NODEPT
130735.0,XEDUT214,5,NODEPT
161005.0,XEDUT215,4,NODEPT
130736.0,XEDUT301A,5,NODEPT
130737.0,XEDUT301B,4,NODEPT
130473.0,XEDUT302A,4,NODEPT
146394.0,XEDUT-311A,4,NODEPT
161006.0,XEDUT543A,5,NODEPT
161007.0,XEDUT550,4,NODEPT
160100.0,XEDUT561,5,NODEPT
152663.0,XFLTDHPD2,5,NODEPT
161182.0,XFLTDHPP2,5,NODEPT
161183.0,XFLTILOL2,5,NODEPT
152941.0,XJFKAPI-10,5,NODEPT
153995.0,XJFKAPI111,4,NODEPT
131607.0,XJFKAPI141,4,NODEPT
150201.0,XJFKAPI302,4,NODEPT
161016.0,XJFKAPI304,4,NODEPT
150212.0,XJFKAPI901,4,NODEPT
153092.0,XJFKAPI902,5,NODEPT
151253.0,XJFKBGP100,4,NODEPT
154138.0,XJFKDPI122,4,NODEPT
154161.0,XJFKDPI132,4,NODEPT
154201.0,XJFKDPI312,4,NODEPT
154078.0,XJFKDPI324,4,NODEPT
152693.0,XJFKDPI342,4,NODEPT
154139.0,XJFKDPI413,5,NODEPT
161073.0,XJFKDPI416,4,NODEPT
152645.0,XJFKDPI431,5,NODEPT
161024.0,XJFKDPI452,4,NODEPT
154219.0,XJFKDPI684,4,NODEPT
161077.0,XJFKDPI801,4,NODEPT
152969.0,XJFKDPI820,5,NODEPT
154149.0,XJFKIGA103,5,NODEPT
161054.0,XJFKIGA112,4,NODEPT
152718.0,XJFKIGA116,4,NODEPT
152767.0,XJFKIGA232,5,NODEPT
152702.0,XJFKIGA236,5,NODEPT
153956.0,XJFKIGA305,4,NODEPT
161057.0,XJFKIGA365,5,NODEPT
153010.0,XJFKIGA385,4,NODEPT
152651.0,XJFKIGA410,5,NODEPT
161058.0,XJFKIGA685,4,NODEPT
131724.0,XJFKITF110,4,NODEPT
152945.0,XJFKMLD201,5,NODEPT
161053.0,XJFKMLD301,4,NODEPT
154087.0,XJFKMLD325,5,NODEPT
154192.0,XJFKMLD355,5,NODEPT
154193.0,XJFKMLD356,4,NODEPT
154093.0,XJFKMLD601,5,NODEPT
154245.0,XJFKMLD801,5,NODEPT
161055.0,XJFKMLD829,4,NODEPT
152727.0,XJFKPED101,5,NODEPT
153628.0,XJFKPED130,4,NODEPT
153675.0,XJFKPED375,5,NODEPT
154197.0,XJFKSUP211,4,NODEPT
154194.0,XJFKSUP500,4,NODEPT
161027.0,XJFKSUP661,5,NODEPT
160076.0,XJFKSUP710,4,NODEPT
152928.0,XLAW2011,4,NODEPT
161134.0,XLAW2025,5,NODEPT
130372.0,XLAW2048,4,NODEPT
160992.0,XLAW2052,5,NODEPT
161059.0,XLAW2126,5,NODEPT
160993.0,XLAW2129,5,NODEPT
161140.0,XLAW2151,4,NODEPT
160995.0,XLAW2186,5,NODEPT
130742.0,XLAW2190,4,NODEPT
161135.0,XLAW2252,5,NODEPT
161138.0,XLAW2359,5,NODEPT
161143.0,XLAW2497,4,NODEPT
161141.0,XLAW2509,4,NODEPT
160997.0,XLAW2650,5,NODEPT
160483.0,XLAW2652,4,NODEPT
161060.0,XLAW2677,4,NODEPT
161139.0,XLAW2785,4,NODEPT
161072.0,XLAW2799,4,NODEPT
161136.0,XLAW2813,5,NODEPT
161019.0,XLAW2829,5,NODEPT
130515.0,XLAW8008,5,NODEPT
161133.0,XLAW8021,5,NODEPT
130354.0,XMEDHT160,5,NODEPT
161163.0,XMITCMS634,5,NODEPT
152775.0,XMITEC.701,4,NODEPT
153142.0,XMITHST131,4,NODEPT
153308.0,XMITHST583,4,NODEPT
152966.0,XMITMAS.S7,5,NODEPT
153438.0,XMITMAS490,5,NODEPT
161164.0,XMITMAS552,4,NODEPT
154130.0,XMITMAS630,5,NODEPT
153635.0,XMITMAS863,4,NODEPT
161124.0,XMITMAS883,4,NODEPT
161166.0,XMITMASS64,5,NODEPT
145890.0,XMITNS.302,5,NODEPT
152715.0,XMITWGS.64,4,NODEPT
161110.0,XMIT1.070A,5,NODEPT
161111.0,XMIT1.070B,5,NODEPT
130417.0,XMIT2.032,4,NODEPT
131657.0,XMIT2.111,4,NODEPT
161091.0,XMIT2.120,5,NODEPT
145958.0,XMIT2.151,4,NODEPT
161093.0,XMIT2.25,4,NODEPT
161170.0,XMIT2.740,4,NODEPT
145933.0,XMIT3.20,5,NODEPT
143773.0,XMIT3.45,4,NODEPT
161171.0,XMIT4.215,4,NODEPT
161095.0,XMIT4.450,4,NODEPT
161096.0,XMIT4.612,4,NODEPT
161118.0,XMIT4.S68,5,NODEPT
143948.0,XMIT5.062,4,NODEPT
145580.0,XMIT5.60,5,NODEPT
130066.0,XMIT5.70,5,NODEPT
161098.0,XMIT6.0001,4,NODEPT
161099.0,XMIT6.0002,5,NODEPT
145439.0,XMIT6.003,4,NODEPT
130430.0,XMIT6.006,5,NODEPT
145438.0,XMIT6.012,5,NODEPT
149934.0,XMIT6.034,5,NODEPT
148294.0,XMIT6.047,5,NODEPT
144243.0,XMIT6.170,5,NODEPT
130433.0,XMIT6.172,4,NODEPT
153110.0,XMIT6.231,5,NODEPT
148285.0,XMIT6.255,4,NODEPT
145048.0,XMIT6.301,4,NODEPT
145590.0,XMIT6.338,5,NODEPT
161105.0,XMIT6.339,5,NODEPT
148442.0,XMIT6.341,4,NODEPT
149451.0,XMIT6.374,5,NODEPT
130075.0,XMIT6.434,4,NODEPT
161109.0,XMIT6.720,4,NODEPT
144270.0,XMIT6.728,4,NODEPT
145694.0,XMIT6.815,5,NODEPT
146027.0,XMIT6.832,5,NODEPT
150190.0,XMIT6.837,5,NODEPT
148563.0,XMIT6.840,5,NODEPT
142826.0,XMIT6.852,5,NODEPT
153696.0,XMIT6.867,5,NODEPT
161113.0,XMIT6.876,4,NODEPT
145047.0,XMIT6.878,4,NODEPT
161119.0,XMIT6.S899,4,NODEPT
161121.0,XMIT6.S978,5,NODEPT
145543.0,XMIT7.06,5,NODEPT
161160.0,XMIT7.23,5,NODEPT
145938.0,XMIT7.62,4,NODEPT
146421.0,XMIT8.02,5,NODEPT
143157.0,XMIT8.324,5,NODEPT
148519.0,XMIT8.333,4,NODEPT
148497.0,XMIT8.351,4,NODEPT
130437.0,XMIT8.370,5,NODEPT
148441.0,XMIT8.391,4,NODEPT
150199.0,XMIT8.511,4,NODEPT
161161.0,XMIT8.591,4,NODEPT
153992.0,XMIT8.942,5,NODEPT
142410.0,XMIT9.011,5,NODEPT
146234.0,XMIT9.520,4,NODEPT
143194.0,XMIT9.601,4,NODEPT
144643.0,XMIT9.660,4,NODEPT
130809.0,XMIT9.S912,5,NODEPT
161088.0,XMIT10.10,4,NODEPT
161148.0,XMIT10.291,4,NODEPT
145488.0,XMIT10.55,4,NODEPT
145487.0,XMIT10.568,5,NODEPT
144718.0,XMIT10.807,5,NODEPT
130754.0,XMIT11.203,4,NODEPT
161150.0,XMIT11.701,5,NODEPT
161126.0,XMIT11.S195,4,NODEPT
161151.0,XMIT12.163,5,NODEPT
161149.0,XMIT12.481,5,NODEPT
130064.0,XMIT12.742,4,NODEPT
146302.0,XMIT14.01,5,NODEPT
154098.0,XMIT14.281,4,NODEPT
145954.0,XMIT14.282,5,NODEPT
148501.0,XMIT14.461,5,NODEPT
148132.0,XMIT14.661,4,NODEPT
130400.0,XMIT14.770,5,NODEPT
145541.0,XMIT14.771,5,NODEPT
142334.0,XMIT15.305,4,NODEPT
145060.0,XMIT15.310,4,NODEPT
142633.0,XMIT15.356,4,NODEPT
131630.0,XMIT15.390,5,NODEPT
131675.0,XMIT15.401,5,NODEPT
142907.0,XMIT15.402,4,NODEPT
131679.0,XMIT15.434,5,NODEPT
161159.0,XMIT15.496,4,NODEPT
143142.0,XMIT15.501,4,NODEPT
161152.0,XMIT15.619,5,NODEPT
130407.0,XMIT16.71,5,NODEPT
161153.0,XMIT17.150,4,NODEPT
130943.0,XMIT17.178,4,NODEPT
130411.0,XMIT17.804,5,NODEPT
146012.0,XMIT18.03,5,NODEPT
148573.0,XMIT18.177,5,NODEPT
130946.0,XMIT18.336,4,NODEPT
130771.0,XMIT18.404,5,NODEPT
143596.0,XMIT18.435,4,NODEPT
161154.0,XMIT18.657,4,NODEPT
161102.0,XMIT18.919,5,NODEPT
130772.0,XMIT18.S997,5,NODEPT
161103.0,XMIT20.106,5,NODEPT
161104.0,XMIT20.201,5,NODEPT
161112.0,XMIT21A.306,4,NODEPT
161155.0,XMIT21G.613,5,NODEPT
161114.0,XMIT21G.851,5,NODEPT
161157.0,XMIT21L.512,4,NODEPT
146315.0,XMIT21M.460,4,NODEPT
161116.0,XMIT21M.846,5,NODEPT
161117.0,XMIT21W.763,4,NODEPT
161158.0,XMIT24.637,5,NODEPT
146066.0,XMIT24.805,4,NODEPT
145290.0,XMIT24.949,4,NODEPT
145464.0,XMIT24.956,4,NODEPT
146163.0,XMIT24.963,5,NODEPT
145602.0,XMIT24.979,4,NODEPT
152755.0,XPBHBIO201,5,NODEPT
152757.0,XPBHBIO222,4,NODEPT
145513.0,XPBHBIO227,5,NODEPT
145507.0,XPBHBIO300,4,NODEPT
152971.0,XPBHBIO316,4,NODEPT
152929.0,XPBHEH298,4,NODEPT
152760.0,XPBHEH510-,4,NODEPT
152739.0,XPBHEPI201,5,NODEPT
161026.0,XPBHEPI201,4,NODEPT
142424.0,XPBHEPI202,5,NODEPT
152744.0,XPBHEPI207,5,NODEPT
152746.0,XPBHEPI221,4,NODEPT
145106.0,XPBHEPI246,4,NODEPT
152747.0,XPBHEPI249,5,NODEPT
152748.0,XPBHEPI507,4,NODEPT
152752.0,XPBHEPI519,4,NODEPT
161174.0,XPBHGHP293,4,NODEPT
152761.0,XPBHGHP525,4,NODEPT
152762.0,XPBHGHP539,5,NODEPT
143616.0,XPBHHPM206,4,NODEPT
145737.0,XPBHID250,5,NODEPT
153102.0,XPBHRDS280,5,NODEPT
152750.0,XPBHRDS284,4,NODEPT
161064.0,XPBHSBS296,4,NODEPT
161087.0,XPBHSBS299,4,NODEPT
114058.0,YIDDISHAA,4,NELC
119874.0,YIDDISHBA,5,NELC
123432.0,YIDDISHCA,5,NELC
120952.0,YORUBAAA,5,AAAS
120953.0,YORUBABA,5,AAAS
120954.0,YORUBA101AR,5,AAAS
nan,TOTALS:,4,nan
